id_solicitud,prob_default
500000,0.0070921985815602835
500001,0.09183673469387756
500002,0.21678321678321677
500003,0.16842105263157894
500004,0.30597014925373134
500005,0.04112554112554113
500006,0.1702127659574468
500007,0.008982035928143712
500008,0.06432748538011696
500009,0.12903225806451613
500010,0.21678321678321677
500011,0.039473684210526314
500012,0.039473684210526314
500013,0.30597014925373134
500014,0.1935483870967742
500015,0.30597014925373134
500016,0.0070921985815602835
500017,0.04112554112554113
500018,0.058823529411764705
500019,0.008982035928143712
500020,0.024691358024691357
500021,0.0070921985815602835
500022,0.07352941176470588
500023,0.1935483870967742
500024,0.039473684210526314
500025,0.12244897959183673
500026,0.039473684210526314
500027,0.0070921985815602835
500028,0.04112554112554113
500029,0.6428571428571429
500030,0.0070921985815602835
500031,0.0701219512195122
500032,0.018433179723502304
500033,0.018433179723502304
500034,0.024691358024691357
500035,0.21678321678321677
500036,0.0701219512195122
500037,0.0701219512195122
500038,0.21678321678321677
500039,0.07352941176470588
500040,0.21678321678321677
500041,0.30597014925373134
500042,0.024691358024691357
500043,0.039473684210526314
500044,0.024691358024691357
500045,0.058823529411764705
500046,0.008982035928143712
500047,0.07352941176470588
500048,0.3333333333333333
500049,0.024691358024691357
500050,0.07352941176470588
500051,0.6133333333333333
500052,0.07352941176470588
500053,0.039473684210526314
500054,0.3756345177664975
500055,0.21678321678321677
500056,0.6666666666666666
500057,0.4444444444444444
500058,0.21678321678321677
500059,0.04112554112554113
500060,0.1111111111111111
500061,0.04112554112554113
500062,0.018433179723502304
500063,0.21678321678321677
500064,0.1935483870967742
500065,0.09183673469387756
500066,0.04112554112554113
500067,0.16842105263157894
500068,0.039473684210526314
500069,0.17647058823529413
500070,0.16842105263157894
500071,0.039473684210526314
500072,0.16842105263157894
500073,0.0701219512195122
500074,0.018433179723502304
500075,0.018433179723502304
500076,0.3756345177664975
500077,0.018433179723502304
500078,0.3756345177664975
500079,0.008982035928143712
500080,0.0070921985815602835
500081,0.07352941176470588
500082,0.039473684210526314
500083,0.21621621621621623
500084,0.12903225806451613
500085,0.21678321678321677
500086,0.04112554112554113
500087,0.0701219512195122
500088,0.17647058823529413
500089,0.3756345177664975
500090,0.07352941176470588
500091,0.0070921985815602835
500092,0.039473684210526314
500093,0.09183673469387756
500094,0.4444444444444444
500095,0.04112554112554113
500096,0.1935483870967742
500097,0.6428571428571429
500098,0.6133333333333333
500099,0.21678321678321677
500100,0.21678321678321677
500101,0.058823529411764705
500102,0.16842105263157894
500103,0.039473684210526314
500104,0.008982035928143712
500105,0.07352941176470588
500106,0.07352941176470588
500107,0.12903225806451613
500108,0.6
500109,0.024691358024691357
500110,0.4444444444444444
500111,0.3756345177664975
500112,0.0701219512195122
500113,0.21678321678321677
500114,0.0070921985815602835
500115,0.21678321678321677
500116,0.04112554112554113
500117,0.6133333333333333
500118,0.039473684210526314
500119,0.07352941176470588
500120,0.039473684210526314
500121,0.008982035928143712
500122,0.024691358024691357
500123,0.04112554112554113
500124,0.15384615384615385
500125,0.1935483870967742
500126,0.0070921985815602835
500127,0.0070921985815602835
500128,0.21678321678321677
500129,0.17647058823529413
500130,0.30597014925373134
500131,0.16842105263157894
500132,0.6428571428571429
500133,0.6133333333333333
500134,0.0701219512195122
500135,0.018433179723502304
500136,0.21678321678321677
500137,0.0701219512195122
500138,0.039473684210526314
500139,0.12244897959183673
500140,0.018433179723502304
500141,0.21678321678321677
500142,0.06432748538011696
500143,0.024691358024691357
500144,0.0070921985815602835
500145,0.0070921985815602835
500146,0.018433179723502304
500147,0.6428571428571429
500148,0.039473684210526314
500149,0.16842105263157894
500150,0.04112554112554113
500151,0.16842105263157894
500152,0.018433179723502304
500153,0.04112554112554113
500154,0.21678321678321677
500155,0.3756345177664975
500156,0.16842105263157894
500157,0.0701219512195122
500158,0.039473684210526314
500159,0.21678321678321677
500160,0.018841896007756122
500161,0.21678321678321677
500162,0.12903225806451613
500163,0.3756345177664975
500164,0.21621621621621623
500165,0.008982035928143712
500166,0.30597014925373134
500167,0.3756345177664975
500168,0.039473684210526314
500169,0.018433179723502304
500170,0.039473684210526314
500171,0.04112554112554113
500172,0.0070921985815602835
500173,0.02534295342655043
500174,0.039473684210526314
500175,0.024691358024691357
500176,0.018433179723502304
500177,0.16842105263157894
500178,0.04112554112554113
500179,0.3333333333333333
500180,0.12903225806451613
500181,0.058823529411764705
500182,0.058823529411764705
500183,0.09183673469387756
500184,0.04112554112554113
500185,0.039473684210526314
500186,0.4444444444444444
500187,0.018433179723502304
500188,0.018433179723502304
500189,0.04112554112554113
500190,0.21621621621621623
500191,0.04112554112554113
500192,0.04112554112554113
500193,0.058823529411764705
500194,0.0701219512195122
500195,0.0701219512195122
500196,0.21649951935098768
500197,0.16842105263157894
500198,0.5882352941176471
500199,0.21678321678321677
500200,0.16842105263157894
500201,0.21621621621621623
500202,0.018433179723502304
500203,0.018433179723502304
500204,0.6666666666666666
500205,0.16842105263157894
500206,0.5882352941176471
500207,0.0701219512195122
500208,0.018433179723502304
500209,0.06432748538011696
500210,0.06432748538011696
500211,0.06432748538011696
500212,0.04112554112554113
500213,0.84
500214,0.6428571428571429
500215,0.12903225806451613
500216,0.3756345177664975
500217,0.16842105263157894
500218,0.21678321678321677
500219,0.3756345177664975
500220,0.07352941176470588
500221,0.039473684210526314
500222,0.0070921985815602835
500223,0.018433179723502304
500224,0.024691358024691357
500225,0.0701219512195122
500226,0.5882352941176471
500227,0.0070921985815602835
500228,0.058823529411764705
500229,0.039473684210526314
500230,0.17644205971879365
500231,0.15384615384615385
500232,0.008982035928143712
500233,0.039473684210526314
500234,0.018433179723502304
500235,0.09183673469387756
500236,0.21621621621621623
500237,0.018433179723502304
500238,0.008982035928143712
500239,0.30597014925373134
500240,0.4444444444444444
500241,0.018433179723502304
500242,0.30597014925373134
500243,0.024691358024691357
500244,0.04112554112554113
500245,0.06432748538011696
500246,0.07352941176470588
500247,0.30597014925373134
500248,0.09183673469387756
500249,0.6
500250,0.039473684210526314
500251,0.1935483870967742
500252,0.0070921985815602835
500253,0.6428571428571429
500254,0.008982035928143712
500255,0.018433179723502304
500256,0.008982035928143712
500257,0.058823529411764705
500258,0.058823529411764705
500259,0.0
500260,0.039473684210526314
500261,0.6
500262,0.008982035928143712
500263,0.6428571428571429
500264,0.039473684210526314
500265,0.30597014925373134
500266,0.024691358024691357
500267,0.008982035928143712
500268,0.06432748538011696
500269,0.12903225806451613
500270,0.21678321678321677
500271,0.008982035928143712
500272,0.018433179723502304
500273,0.0070921985815602835
500274,0.024691358024691357
500275,0.018433179723502304
500276,0.12244897959183673
500277,0.16842105263157894
500278,0.018433179723502304
500279,0.0701219512195122
500280,0.018433179723502304
500281,0.06432748538011696
500282,0.3333333333333333
500283,0.04112554112554113
500284,0.058823529411764705
500285,0.0070921985815602835
500286,0.21678321678321677
500287,0.07352941176470588
500288,0.09183673469387756
500289,0.4444444444444444
500290,0.16842105263157894
500291,0.0070921985815602835
500292,0.30597014925373134
500293,0.21678321678321677
500294,0.024691358024691357
500295,0.06432748538011696
500296,0.04112554112554113
500297,0.4444444444444444
500298,0.058823529411764705
500299,0.09183673469387756
500300,0.16842105263157894
500301,0.06432748538011696
500302,0.008982035928143712
500303,0.0070921985815602835
500304,0.018433179723502304
500305,0.04112554112554113
500306,0.21621621621621623
500307,0.0070921985815602835
500308,0.04112554112554113
500309,0.3756345177664975
500310,0.21678321678321677
500311,0.16842105263157894
500312,0.058823529411764705
500313,0.16842105263157894
500314,0.07352941176470588
500315,0.0701219512195122
500316,0.0070921985815602835
500317,0.008982035928143712
500318,0.008982035928143712
500319,0.008982035928143712
500320,0.17647058823529413
500321,0.024691358024691357
500322,0.008982035928143712
500323,0.15384615384615385
500324,0.12244897959183673
500325,0.04112554112554113
500326,0.008982035928143712
500327,0.008982035928143712
500328,0.018433179723502304
500329,0.0
500330,0.21678321678321677
500331,0.0070921985815602835
500332,0.018433179723502304
500333,0.04112554112554113
500334,0.039473684210526314
500335,0.04112554112554113
500336,0.039473684210526314
500337,0.3756345177664975
500338,0.06432748538011696
500339,0.018433179723502304
500340,0.3756345177664975
500341,0.09183673469387756
500342,0.12244897959183673
500343,0.4444444444444444
500344,0.09183673469387756
500345,0.12903225806451613
500346,0.018433179723502304
500347,0.018433179723502304
500348,0.04112554112554113
500349,0.12244897959183673
500350,0.018433179723502304
500351,0.008982035928143712
500352,0.3756345177664975
500353,0.06432748538011696
500354,0.018433179723502304
500355,0.008982035928143712
500356,0.6428571428571429
500357,0.04112554112554113
500358,0.16842105263157894
500359,0.1935483870967742
500360,0.30597014925373134
500361,0.018433179723502304
500362,0.018433179723502304
500363,0.07352941176470588
500364,0.09183673469387756
500365,0.04112554112554113
500366,0.039473684210526314
500367,0.018433179723502304
500368,0.3756345177664975
500369,0.6666666666666666
500370,0.04112554112554113
500371,0.1702127659574468
500372,0.1935483870967742
500373,0.04112554112554113
500374,0.07352941176470588
500375,0.04112554112554113
500376,0.07352941176470588
500377,0.07352941176470588
500378,0.16842105263157894
500379,0.018433179723502304
500380,0.4444444444444444
500381,0.0701219512195122
500382,0.018433179723502304
500383,0.018433179723502304
500384,0.0701219512195122
500385,0.04112554112554113
500386,0.0701219512195122
500387,0.16842105263157894
500388,0.018433179723502304
500389,0.008982035928143712
500390,0.039473684210526314
500391,0.018433179723502304
500392,0.04112554112554113
500393,0.058823529411764705
500394,0.3756345177664975
500395,0.039473684210526314
500396,0.07352941176470588
500397,0.0701219512195122
500398,0.12903225806451613
500399,0.018433179723502304
500400,0.12903225806451613
500401,0.0701219512195122
500402,0.018433179723502304
500403,0.0
500404,0.04112554112554113
500405,0.0701219512195122
500406,0.0070921985815602835
500407,0.0
500408,0.06432748538011696
500409,0.039473684210526314
500410,0.12755512907513927
500411,0.6133333333333333
500412,0.17647058823529413
500413,0.6133333333333333
500414,0.058823529411764705
500415,0.008982035928143712
500416,0.058823529411764705
500417,0.04112554112554113
500418,0.0701219512195122
500419,0.04112554112554113
500420,0.018433179723502304
500421,0.0701219512195122
500422,0.06432748538011696
500423,0.018433179723502304
500424,0.21678321678321677
500425,0.07352941176470588
500426,0.3756345177664975
500427,0.008982035928143712
500428,0.16842105263157894
500429,0.0070921985815602835
500430,0.018433179723502304
500431,0.024691358024691357
500432,0.06432748538011696
500433,0.039473684210526314
500434,0.12244897959183673
500435,0.21678321678321677
500436,0.039473684210526314
500437,0.039473684210526314
500438,0.039473684210526314
500439,0.0701219512195122
500440,0.04112554112554113
500441,0.0701219512195122
500442,0.30597014925373134
500443,0.018433179723502304
500444,0.07352941176470588
500445,0.018433179723502304
500446,0.21678321678321677
500447,0.0
500448,0.6428571428571429
500449,0.024691358024691357
500450,0.008982035928143712
500451,0.039473684210526314
500452,0.039473684210526314
500453,0.0701219512195122
500454,0.06432748538011696
500455,0.04112554112554113
500456,0.0701219512195122
500457,0.0
500458,0.07352941176470588
500459,0.09183673469387756
500460,0.018433179723502304
500461,0.008982035928143712
500462,0.04112554112554113
500463,0.21678321678321677
500464,0.008982035928143712
500465,0.21678321678321677
500466,0.06432748538011696
500467,0.21621621621621623
500468,0.039473684210526314
500469,0.0
500470,0.039473684210526314
500471,0.07352941176470588
500472,0.16842105263157894
500473,0.06432748538011696
500474,0.024691358024691357
500475,0.008982035928143712
500476,0.12903225806451613
500477,0.024691358024691357
500478,0.058823529411764705
500479,0.15384615384615385
500480,0.21678321678321677
500481,0.04112554112554113
500482,0.024691358024691357
500483,0.024691358024691357
500484,0.0701219512195122
500485,0.008982035928143712
500486,0.31198189721308295
500487,0.6133333333333333
500488,0.06432748538011696
500489,0.21621621621621623
500490,0.039473684210526314
500491,0.0
500492,0.04112554112554113
500493,0.0070921985815602835
500494,0.09183673469387756
500495,0.039473684210526314
500496,0.10924378985124467
500497,0.0070921985815602835
500498,0.21678321678321677
500499,0.6
500500,0.04112554112554113
500501,0.039473684210526314
500502,0.058823529411764705
500503,0.21678321678321677
500504,0.008982035928143712
500505,0.1702127659574468
500506,1.0
500507,0.039473684210526314
500508,0.07352941176470588
500509,0.008982035928143712
500510,0.1935483870967742
500511,0.039473684210526314
500512,0.17647058823529413
500513,0.018433179723502304
500514,0.3756345177664975
500515,0.058823529411764705
500516,0.07352941176470588
500517,0.21678321678321677
500518,0.058823529411764705
500519,0.84
500520,0.024691358024691357
500521,0.16842105263157894
500522,0.3756345177664975
500523,0.04112554112554113
500524,0.008982035928143712
500525,0.30597014925373134
500526,0.008982035928143712
500527,0.008982035928143712
500528,0.0701219512195122
500529,0.04112554112554113
500530,0.039473684210526314
500531,0.024691358024691357
500532,0.15384615384615385
500533,0.039473684210526314
500534,0.07352941176470588
500535,0.16842105263157894
500536,0.09183673469387756
500537,0.0070921985815602835
500538,0.6133333333333333
500539,0.0070921985815602835
500540,0.008982035928143712
500541,0.018433179723502304
500542,0.30597014925373134
500543,0.1935483870967742
500544,0.17647058823529413
500545,0.30597014925373134
500546,0.018433179723502304
500547,0.6428571428571429
500548,0.17647058823529413
500549,0.0701219512195122
500550,0.0701219512195122
500551,0.0070921985815602835
500552,0.09183673469387756
500553,0.0701219512195122
500554,0.21621621621621623
500555,0.018433179723502304
500556,0.008982035928143712
500557,0.21621621621621623
500558,0.15384615384615385
500559,0.0701219512195122
500560,0.039473684210526314
500561,0.04112554112554113
500562,0.0
500563,0.018433179723502304
500564,0.024691358024691357
500565,0.0070921985815602835
500566,0.1702127659574468
500567,0.008982035928143712
500568,0.04112554112554113
500569,0.04112554112554113
500570,0.1935483870967742
500571,0.07352941176470588
500572,0.17647058823529413
500573,0.07352941176470588
500574,0.16842105263157894
500575,0.039473684210526314
500576,0.0070921985815602835
500577,0.04112554112554113
500578,0.4444444444444444
500579,0.058823529411764705
500580,0.018433179723502304
500581,0.018433179723502304
500582,0.21678321678321677
500583,0.018433179723502304
500584,0.0070921985815602835
500585,0.0070921985815602835
500586,0.21678321678321677
500587,0.21678321678321677
500588,0.04112554112554113
500589,0.008982035928143712
500590,0.0070921985815602835
500591,0.3333333333333333
500592,0.039473684210526314
500593,0.008982035928143712
500594,0.039473684210526314
500595,0.0
500596,0.09183673469387756
500597,0.12903225806451613
500598,0.0070921985815602835
500599,0.024691358024691357
500600,0.3756345177664975
500601,0.06432748538011696
500602,0.018433179723502304
500603,0.06432748538011696
500604,0.07352941176470588
500605,0.21621621621621623
500606,0.058823529411764705
500607,0.018433179723502304
500608,0.40457038700690623
500609,0.3333333333333333
500610,0.018433179723502304
500611,0.07352941176470588
500612,0.3756345177664975
500613,0.018433179723502304
500614,0.058823529411764705
500615,0.30597014925373134
500616,0.018433179723502304
500617,0.04112554112554113
500618,0.07352941176470588
500619,0.04112554112554113
500620,0.1702127659574468
500621,0.018433179723502304
500622,0.0
500623,0.039473684210526314
500624,0.6428571428571429
500625,0.024691358024691357
500626,0.21621621621621623
500627,0.0070921985815602835
500628,0.3756345177664975
500629,0.024691358024691357
500630,0.018433179723502304
500631,0.07352941176470588
500632,0.008982035928143712
500633,0.0070921985815602835
500634,0.04112554112554113
500635,0.008982035928143712
500636,0.17647058823529413
500637,0.008982035928143712
500638,0.0701219512195122
500639,0.04112554112554113
500640,0.07352941176470588
500641,0.6666666666666666
500642,0.21678321678321677
500643,0.6428571428571429
500644,0.008982035928143712
500645,0.024691358024691357
500646,0.16842105263157894
500647,0.07352941176470588
500648,0.07352941176470588
500649,0.024691358024691357
500650,0.4444444444444444
500651,0.018433179723502304
500652,0.21678321678321677
500653,0.008982035928143712
500654,0.0070921985815602835
500655,0.06432748538011696
500656,0.024691358024691357
500657,0.06432748538011696
500658,0.008982035928143712
500659,0.0070921985815602835
500660,0.008982035928143712
500661,0.1935483870967742
500662,0.06432748538011696
500663,0.3756345177664975
500664,0.17647058823529413
500665,0.21678321678321677
500666,0.018433179723502304
500667,0.4444444444444444
500668,0.039473684210526314
500669,0.0701219512195122
500670,0.6428571428571429
500671,0.1702127659574468
500672,0.008982035928143712
500673,0.018433179723502304
500674,0.008982035928143712
500675,0.09183673469387756
500676,0.058823529411764705
500677,0.0701219512195122
500678,0.018433179723502304
500679,0.058823529411764705
500680,0.21678321678321677
500681,0.024691358024691357
500682,0.30597014925373134
500683,0.3756345177664975
500684,0.008982035928143712
500685,0.0701219512195122
500686,0.3756345177664975
500687,0.21678321678321677
500688,0.008982035928143712
500689,0.17647058823529413
500690,0.5882352941176471
500691,0.0070921985815602835
500692,0.024691358024691357
500693,0.04112554112554113
500694,0.058823529411764705
500695,0.018433179723502304
500696,0.008982035928143712
500697,0.07352941176470588
500698,0.3756345177664975
500699,0.04112554112554113
500700,0.21678321678321677
500701,0.018433179723502304
500702,0.04112554112554113
500703,0.058823529411764705
500704,0.30597014925373134
500705,0.0070921985815602835
500706,0.16842105263157894
500707,0.3756345177664975
500708,0.03616524560388785
500709,0.1935483870967742
500710,0.09183673469387756
500711,0.04112554112554113
500712,0.0701219512195122
500713,0.07352941176470588
500714,0.16842105263157894
500715,0.07352941176470588
500716,0.16842105263157894
500717,0.3756345177664975
500718,0.0701219512195122
500719,0.09183673469387756
500720,0.15384615384615385
500721,0.039473684210526314
500722,0.0
500723,0.024691358024691357
500724,0.1935483870967742
500725,0.1935483870967742
500726,0.16842105263157894
500727,0.04112554112554113
500728,0.17647058823529413
500729,0.04112554112554113
500730,0.04112554112554113
500731,0.12903225806451613
500732,0.84
500733,0.0070921985815602835
500734,0.024691358024691357
500735,0.6428571428571429
500736,0.21678321678321677
500737,0.6
500738,0.04112554112554113
500739,0.0070921985815602835
500740,0.30597014925373134
500741,0.04112554112554113
500742,0.058823529411764705
500743,0.15384615384615385
500744,0.6133333333333333
500745,0.008982035928143712
500746,0.30597014925373134
500747,0.09183673469387756
500748,0.024691358024691357
500749,0.3756345177664975
500750,0.0701219512195122
500751,0.09183673469387756
500752,0.09183673469387756
500753,0.8653784570402799
500754,0.039473684210526314
500755,0.04112554112554113
500756,0.018433179723502304
500757,0.6133333333333333
500758,0.07352941176470588
500759,0.30597014925373134
500760,0.0070921985815602835
500761,0.16842105263157894
500762,0.04112554112554113
500763,0.6428571428571429
500764,0.1935483870967742
500765,0.04112554112554113
500766,0.039473684210526314
500767,0.0070921985815602835
500768,0.024691358024691357
500769,0.0
500770,0.0070921985815602835
500771,0.1935483870967742
500772,0.058823529411764705
500773,0.0410992982950034
500774,0.039473684210526314
500775,0.008982035928143712
500776,0.018433179723502304
500777,0.3756345177664975
500778,0.0070921985815602835
500779,0.06432748538011696
500780,0.039473684210526314
500781,0.21678321678321677
500782,0.3756345177664975
500783,0.0701219512195122
500784,0.3756345177664975
500785,0.008982035928143712
500786,0.15384615384615385
500787,0.6428571428571429
500788,0.039473684210526314
500789,0.008982035928143712
500790,0.0701219512195122
500791,0.3756345177664975
500792,0.018433179723502304
500793,0.024691358024691357
500794,0.12903225806451613
500795,0.0701219512195122
500796,0.3756345177664975
500797,0.6133333333333333
500798,0.0070921985815602835
500799,0.0070921985815602835
500800,0.17647058823529413
500801,0.17647058823529413
500802,0.058823529411764705
500803,0.17162936799258965
500804,0.008982035928143712
500805,0.21621621621621623
500806,0.3756345177664975
500807,0.09183673469387756
500808,0.07352941176470588
500809,0.008982035928143712
500810,0.17647058823529413
500811,0.008982035928143712
500812,0.84
500813,0.21678321678321677
500814,0.07352941176470588
500815,0.039473684210526314
500816,0.09183673469387756
500817,0.018433179723502304
500818,0.4444444444444444
500819,0.0701219512195122
500820,0.0070921985815602835
500821,0.15384615384615385
500822,0.039473684210526314
500823,0.018433179723502304
500824,0.0
500825,0.008982035928143712
500826,0.018433179723502304
500827,0.018433179723502304
500828,0.1702127659574468
500829,0.018433179723502304
500830,0.6428571428571429
500831,0.3756345177664975
500832,0.07352941176470588
500833,0.058823529411764705
500834,0.018433179723502304
500835,0.04112554112554113
500836,0.0701219512195122
500837,0.008982035928143712
500838,0.3756345177664975
500839,0.07352941176470588
500840,0.018433179723502304
500841,0.17647058823529413
500842,0.018433179723502304
500843,0.058823529411764705
500844,0.018433179723502304
500845,0.04112554112554113
500846,0.1935483870967742
500847,0.4444444444444444
500848,0.06432748538011696
500849,0.0070921985815602835
500850,0.16842105263157894
500851,0.008982035928143712
500852,0.039473684210526314
500853,0.3333333333333333
500854,0.4444444444444444
500855,0.16842105263157894
500856,0.039473684210526314
500857,0.04112554112554113
500858,0.058823529411764705
500859,0.018433179723502304
500860,0.058823529411764705
500861,0.039473684210526314
500862,0.024691358024691357
500863,0.30597014925373134
500864,0.1935483870967742
500865,0.039473684210526314
500866,0.21678321678321677
500867,0.12244897959183673
500868,0.16842105263157894
500869,0.07352941176470588
500870,0.3756345177664975
500871,0.0701219512195122
500872,0.04112554112554113
500873,0.018433179723502304
500874,0.04112554112554113
500875,0.84
500876,0.018433179723502304
500877,0.024691358024691357
500878,0.008982035928143712
500879,0.018433179723502304
500880,0.0701219512195122
500881,0.06432748538011696
500882,0.21678321678321677
500883,0.16842105263157894
500884,0.018433179723502304
500885,0.4444444444444444
500886,0.30597014925373134
500887,0.0701219512195122
500888,0.039473684210526314
500889,0.30597014925373134
500890,0.6666666666666666
500891,0.21678321678321677
500892,0.008982035928143712
500893,0.058823529411764705
500894,0.04112554112554113
500895,0.0701219512195122
500896,0.17647058823529413
500897,0.0701219512195122
500898,0.018433179723502304
500899,0.30597014925373134
500900,0.17647058823529413
500901,0.024691358024691357
500902,0.039473684210526314
500903,0.21678321678321677
500904,0.039473684210526314
500905,0.21678321678321677
500906,0.21621621621621623
500907,0.07352941176470588
500908,0.0070921985815602835
500909,0.008982035928143712
500910,0.04112554112554113
500911,0.04112554112554113
500912,0.018433179723502304
500913,0.1702127659574468
500914,0.008982035928143712
500915,0.17647058823529413
500916,0.018433179723502304
500917,0.008982035928143712
500918,0.058823529411764705
500919,0.06432748538011696
500920,0.04112554112554113
500921,0.024691358024691357
500922,0.06432748538011696
500923,0.07352941176470588
500924,0.039473684210526314
500925,0.024691358024691357
500926,0.0
500927,0.12903225806451613
500928,0.018433179723502304
500929,0.6428571428571429
500930,0.039473684210526314
500931,0.039473684210526314
500932,0.16842105263157894
500933,0.0070921985815602835
500934,0.21678321678321677
500935,0.039473684210526314
500936,0.07352941176470588
500937,0.039473684210526314
500938,0.018433179723502304
500939,0.024691358024691357
500940,0.17647058823529413
500941,0.04112554112554113
500942,0.3756345177664975
500943,0.09183673469387756
500944,0.4444444444444444
500945,0.17647058823529413
500946,0.008982035928143712
500947,0.008982035928143712
500948,0.17647058823529413
500949,0.21678321678321677
500950,0.0
500951,0.12244897959183673
500952,0.17647058823529413
500953,0.12903225806451613
500954,0.018433179723502304
500955,0.04112554112554113
500956,0.008982035928143712
500957,0.16842105263157894
500958,0.07352941176470588
500959,0.018433179723502304
500960,0.16842105263157894
500961,0.21678321678321677
500962,0.039473684210526314
500963,0.1935483870967742
500964,0.07352941176470588
500965,0.07352941176470588
500966,0.039473684210526314
500967,0.04112554112554113
500968,0.024691358024691357
500969,0.0701219512195122
500970,0.21678321678321677
500971,0.018433179723502304
500972,0.6428571428571429
500973,0.06432748538011696
500974,0.039473684210526314
500975,0.07352941176470588
500976,0.6133333333333333
500977,0.018433179723502304
500978,0.16842105263157894
500979,0.039473684210526314
500980,0.058823529411764705
500981,0.07352941176470588
500982,0.039473684210526314
500983,0.1935483870967742
500984,0.6428571428571429
500985,0.06432748538011696
500986,0.008982035928143712
500987,0.0701219512195122
500988,0.039473684210526314
500989,0.058823529411764705
500990,0.4444444444444444
500991,0.018433179723502304
500992,0.09183673469387756
500993,0.008982035928143712
500994,0.058823529411764705
500995,0.0701219512195122
500996,0.3756345177664975
500997,0.0
500998,0.1935483870967742
500999,0.3756345177664975
501000,0.04112554112554113
501001,0.058823529411764705
501002,0.07352941176470588
501003,0.6428571428571429
501004,0.018433179723502304
501005,0.008982035928143712
501006,0.0070921985815602835
501007,0.30597014925373134
501008,0.0
501009,0.4444444444444444
501010,0.018433179723502304
501011,0.0070921985815602835
501012,0.024691358024691357
501013,0.018433179723502304
501014,0.039473684210526314
501015,0.21678321678321677
501016,0.21621621621621623
501017,0.6428571428571429
501018,0.008982035928143712
501019,0.04112554112554113
501020,0.0070921985815602835
501021,0.06432748538011696
501022,0.008982035928143712
501023,0.0701219512195122
501024,0.07352941176470588
501025,0.21621621621621623
501026,0.21678321678321677
501027,0.3756345177664975
501028,0.0070921985815602835
501029,0.6666666666666666
501030,0.018433179723502304
501031,0.3756345177664975
501032,0.3756345177664975
501033,0.04112554112554113
501034,0.04112554112554113
501035,0.0070921985815602835
501036,0.04112554112554113
501037,0.1935483870967742
501038,0.024691358024691357
501039,0.039473684210526314
501040,0.0070921985815602835
501041,0.06432748538011696
501042,0.30597014925373134
501043,0.0070921985815602835
501044,0.16842105263157894
501045,0.008982035928143712
501046,0.0701219512195122
501047,0.058823529411764705
501048,0.0070921985815602835
501049,0.018433179723502304
501050,0.6428571428571429
501051,0.039473684210526314
501052,0.0
501053,0.018433179723502304
501054,0.09183673469387756
501055,0.1935483870967742
501056,0.16842105263157894
501057,0.0701219512195122
501058,0.008982035928143712
501059,0.0701219512195122
501060,0.0701219512195122
501061,0.039473684210526314
501062,0.018433179723502304
501063,0.0701219512195122
501064,0.04112554112554113
501065,0.06432748538011696
501066,0.07352941176470588
501067,0.018433179723502304
501068,0.008982035928143712
501069,0.12903225806451613
501070,0.07352941176470588
501071,0.0701219512195122
501072,0.018433179723502304
501073,0.008982035928143712
501074,0.04112554112554113
501075,0.0070921985815602835
501076,0.38461538461538464
501077,0.6133333333333333
501078,0.07352941176470588
501079,0.024691358024691357
501080,0.008982035928143712
501081,0.008982035928143712
501082,0.0701219512195122
501083,0.024691358024691357
501084,0.04112554112554113
501085,0.6133333333333333
501086,0.018433179723502304
501087,0.018433179723502304
501088,0.16842105263157894
501089,0.0701219512195122
501090,0.15384615384615385
501091,0.21678321678321677
501092,0.018433179723502304
501093,0.04112554112554113
501094,0.30597014925373134
501095,0.0701219512195122
501096,0.0070921985815602835
501097,0.04112554112554113
501098,0.058823529411764705
501099,0.21678321678321677
501100,0.008982035928143712
501101,0.16842105263157894
501102,0.6666666666666666
501103,0.21678321678321677
501104,0.3756345177664975
501105,0.0
501106,0.008982035928143712
501107,0.6666666666666666
501108,0.12903225806451613
501109,0.0701219512195122
501110,0.04112554112554113
501111,0.04112554112554113
501112,0.024691358024691357
501113,0.0701219512195122
501114,0.04112554112554113
501115,0.058823529411764705
501116,0.024691358024691357
501117,0.04112554112554113
501118,0.0
501119,0.0701219512195122
501120,0.30597014925373134
501121,0.04112554112554113
501122,0.0070921985815602835
501123,0.0701219512195122
501124,0.1935483870967742
501125,0.16842105263157894
501126,0.1935483870967742
501127,0.0701219512195122
501128,0.30597014925373134
501129,0.04112554112554113
501130,0.018433179723502304
501131,0.06432748538011696
501132,0.058823529411764705
501133,0.1935483870967742
501134,0.058823529411764705
501135,0.0070921985815602835
501136,0.3756345177664975
501137,0.018433179723502304
501138,0.17647058823529413
501139,0.5714285714285714
501140,0.4444444444444444
501141,0.06432748538011696
501142,0.058823529411764705
501143,0.1935483870967742
501144,0.8181818181818182
501145,0.018433179723502304
501146,0.84
501147,0.04112554112554113
501148,0.04112554112554113
501149,0.04112554112554113
501150,0.17647058823529413
501151,0.3756345177664975
501152,0.07352941176470588
501153,0.04112554112554113
501154,0.018433179723502304
501155,0.018433179723502304
501156,0.058823529411764705
501157,0.3756345177664975
501158,0.1702127659574468
501159,0.4444444444444444
501160,0.09183673469387756
501161,0.07352941176470588
501162,0.21621621621621623
501163,0.024691358024691357
501164,0.30597014925373134
501165,0.84
501166,0.0701219512195122
501167,0.0701219512195122
501168,0.1935483870967742
501169,0.0070921985815602835
501170,0.008982035928143712
501171,0.1935483870967742
501172,0.0070921985815602835
501173,0.16842105263157894
501174,1.0
501175,0.04112554112554113
501176,0.3756345177664975
501177,0.008982035928143712
501178,0.04112554112554113
501179,0.06432748538011696
501180,0.16842105263157894
501181,0.8181818181818182
501182,0.039473684210526314
501183,0.4444444444444444
501184,0.1935483870967742
501185,0.12903225806451613
501186,0.06432748538011696
501187,0.4444444444444444
501188,0.21678321678321677
501189,0.6133333333333333
501190,0.008982035928143712
501191,0.3756345177664975
501192,0.21678321678321677
501193,0.0701219512195122
501194,0.04112554112554113
501195,0.6428571428571429
501196,0.04112554112554113
501197,0.008982035928143712
501198,0.07352941176470588
501199,0.039473684210526314
501200,0.0701219512195122
501201,0.17647058823529413
501202,0.4444444444444444
501203,0.16842105263157894
501204,0.6428571428571429
501205,0.1702127659574468
501206,0.6428571428571429
501207,0.1935483870967742
501208,0.039473684210526314
501209,0.0070921985815602835
501210,0.0070921985815602835
501211,0.16842105263157894
501212,0.3756345177664975
501213,0.12903225806451613
501214,0.039473684210526314
501215,0.04112554112554113
501216,0.04112554112554113
501217,0.04112554112554113
501218,0.018433179723502304
501219,0.07352941176470588
501220,0.058823529411764705
501221,0.16842105263157894
501222,0.039473684210526314
501223,0.058823529411764705
501224,0.12244897959183673
501225,0.04112554112554113
501226,0.0
501227,0.15384615384615385
501228,0.058823529411764705
501229,0.04112554112554113
501230,0.008982035928143712
501231,0.04112554112554113
501232,0.84
501233,0.018433179723502304
501234,0.008982035928143712
501235,0.4444444444444444
501236,0.0070921985815602835
501237,0.039473684210526314
501238,0.07352941176470588
501239,0.1702127659574468
501240,0.1702127659574468
501241,0.06432748538011696
501242,0.0070921985815602835
501243,0.1702127659574468
501244,0.024691358024691357
501245,0.07352941176470588
501246,0.04112554112554113
501247,0.039473684210526314
501248,0.008982035928143712
501249,0.3756345177664975
501250,0.6133333333333333
501251,0.018433179723502304
501252,0.04112554112554113
501253,0.04112554112554113
501254,0.058823529411764705
501255,0.5714285714285714
501256,0.6666666666666666
501257,0.07352941176470588
501258,0.6428571428571429
501259,0.039473684210526314
501260,0.12903225806451613
501261,0.024691358024691357
501262,0.018433179723502304
501263,0.3756345177664975
501264,0.039473684210526314
501265,0.07352941176470588
501266,0.1935483870967742
501267,0.039473684210526314
501268,0.018433179723502304
501269,0.21678321678321677
501270,0.039473684210526314
501271,0.21621621621621623
501272,0.21678321678321677
501273,0.16842105263157894
501274,0.04112554112554113
501275,0.039473684210526314
501276,0.058823529411764705
501277,0.008982035928143712
501278,0.12261892891052707
501279,0.0070921985815602835
501280,0.039473684210526314
501281,0.039473684210526314
501282,0.018433179723502304
501283,0.0701219512195122
501284,0.058823529411764705
501285,0.4444444444444444
501286,0.04112554112554113
501287,0.06432748538011696
501288,0.21678321678321677
501289,0.1935483870967742
501290,0.5882352941176471
501291,0.07352941176470588
501292,0.21621621621621623
501293,0.04112554112554113
501294,0.0070921985815602835
501295,0.058823529411764705
501296,0.4444444444444444
501297,0.16842105263157894
501298,0.21678321678321677
501299,0.018433179723502304
501300,0.0070921985815602835
501301,0.21678321678321677
501302,0.0701219512195122
501303,0.008982035928143712
501304,0.018433179723502304
501305,0.0070921985815602835
501306,0.3756345177664975
501307,0.0701219512195122
501308,0.16842105263157894
501309,0.06432748538011696
501310,0.30597014925373134
501311,0.008982035928143712
501312,0.21678321678321677
501313,0.16842105263157894
501314,0.12244897959183673
501315,0.16842105263157894
501316,0.04112554112554113
501317,0.06432748538011696
501318,0.018433179723502304
501319,0.17647058823529413
501320,0.06432748538011696
501321,0.04112554112554113
501322,0.04112554112554113
501323,0.12903225806451613
501324,0.039473684210526314
501325,0.12903225806451613
501326,0.4444444444444444
501327,0.16842105263157894
501328,0.12903225806451613
501329,0.024691358024691357
501330,0.3756345177664975
501331,0.0701219512195122
501332,0.0070921985815602835
501333,0.039473684210526314
501334,0.04112554112554113
501335,0.039473684210526314
501336,0.0070921985815602835
501337,0.16842105263157894
501338,0.008982035928143712
501339,0.1935483870967742
501340,0.16842105263157894
501341,0.018433179723502304
501342,0.058823529411764705
501343,0.6133333333333333
501344,0.3756345177664975
501345,0.018433179723502304
501346,0.018433179723502304
501347,0.0070921985815602835
501348,0.0070921985815602835
501349,0.018433179723502304
501350,0.09183673469387756
501351,0.018433179723502304
501352,0.0701219512195122
501353,0.058823529411764705
501354,0.17647058823529413
501355,0.5882352941176471
501356,0.024691358024691357
501357,0.1702127659574468
501358,0.3756345177664975
501359,0.06432748538011696
501360,0.0701219512195122
501361,0.058823529411764705
501362,0.039473684210526314
501363,0.04112554112554113
501364,0.0701219512195122
501365,0.21621621621621623
501366,0.058823529411764705
501367,0.1935483870967742
501368,0.018433179723502304
501369,0.21678321678321677
501370,0.039473684210526314
501371,0.008982035928143712
501372,0.018433179723502304
501373,0.018433179723502304
501374,0.12903225806451613
501375,0.21678321678321677
501376,0.17647058823529413
501377,0.0701219512195122
501378,0.06432748538011696
501379,0.058823529411764705
501380,0.024691358024691357
501381,0.3333333333333333
501382,0.04112554112554113
501383,0.3756345177664975
501384,0.3756345177664975
501385,0.17647058823529413
501386,0.04112554112554113
501387,0.024691358024691357
501388,0.0070921985815602835
501389,0.0701219512195122
501390,0.018433179723502304
501391,0.16842105263157894
501392,0.21678321678321677
501393,0.0701219512195122
501394,0.17647058823529413
501395,0.3756345177664975
501396,0.008982035928143712
501397,0.024691358024691357
501398,0.04112554112554113
501399,0.008982035928143712
501400,0.039473684210526314
501401,0.6133333333333333
501402,0.0701219512195122
501403,0.6
501404,0.6133333333333333
501405,0.1683203170785609
501406,0.0701219512195122
501407,0.1935483870967742
501408,0.30597014925373134
501409,0.04112554112554113
501410,0.16842105263157894
501411,0.3756345177664975
501412,0.17647058823529413
501413,0.06432748538011696
501414,0.018433179723502304
501415,0.039473684210526314
501416,0.039473684210526314
501417,0.06432748538011696
501418,0.17647058823529413
501419,0.3756345177664975
501420,0.039473684210526314
501421,0.09183673469387756
501422,0.039473684210526314
501423,0.04112554112554113
501424,0.04112554112554113
501425,0.21678321678321677
501426,0.4444444444444444
501427,0.1702127659574468
501428,0.018433179723502304
501429,0.018433179723502304
501430,0.039473684210526314
501431,0.018433179723502304
501432,0.04112554112554113
501433,0.04112554112554113
501434,0.04112554112554113
501435,0.17647058823529413
501436,0.06432748538011696
501437,0.0701219512195122
501438,0.17647058823529413
501439,0.018433179723502304
501440,0.058823529411764705
501441,0.12903225806451613
501442,0.0701219512195122
501443,0.13254846556686664
501444,0.84
501445,0.0070921985815602835
501446,0.018433179723502304
501447,0.09183673469387756
501448,0.008982035928143712
501449,0.6666666666666666
501450,0.1935483870967742
501451,0.0
501452,0.04112554112554113
501453,0.024691358024691357
501454,0.07352941176470588
501455,0.06432748538011696
501456,0.039473684210526314
501457,0.0701219512195122
501458,0.6
501459,0.30597014925373134
501460,0.0701219512195122
501461,0.06432748538011696
501462,0.3756345177664975
501463,0.06432748538011696
501464,0.0
501465,0.17647058823529413
501466,0.0701219512195122
501467,0.3756345177664975
501468,0.16842105263157894
501469,0.1935483870967742
501470,0.04112554112554113
501471,0.04112554112554113
501472,0.0070921985815602835
501473,0.06432748538011696
501474,0.3756345177664975
501475,0.04112554112554113
501476,0.07352941176470588
501477,0.38461538461538464
501478,0.039473684210526314
501479,0.04112554112554113
501480,0.018433179723502304
501481,0.008982035928143712
501482,0.04112554112554113
501483,0.3756345177664975
501484,0.039473684210526314
501485,0.1702127659574468
501486,0.06432748538011696
501487,0.024691358024691357
501488,0.1935483870967742
501489,0.21621621621621623
501490,0.039473684210526314
501491,0.058823529411764705
501492,0.09183673469387756
501493,0.04112554112554113
501494,0.04112554112554113
501495,0.4444444444444444
501496,0.07352941176470588
501497,0.039473684210526314
501498,0.06944398670528337
501499,0.018433179723502304
501500,0.09183673469387756
501501,0.018433179723502304
501502,1.0
501503,0.04112554112554113
501504,0.21678321678321677
501505,0.039473684210526314
501506,0.04112554112554113
501507,0.16842105263157894
501508,0.04112554112554113
501509,0.5882352941176471
501510,0.024691358024691357
501511,0.1111111111111111
501512,0.018433179723502304
501513,0.024691358024691357
501514,0.018433179723502304
501515,0.4444444444444444
501516,0.018433179723502304
501517,0.4444444444444444
501518,0.1702127659574468
501519,0.018433179723502304
501520,0.30597014925373134
501521,0.024691358024691357
501522,0.16842105263157894
501523,0.12244897959183673
501524,0.04112554112554113
501525,0.16842105263157894
501526,0.17647058823529413
501527,0.1935483870967742
501528,0.0
501529,0.07352941176470588
501530,0.024691358024691357
501531,0.04112554112554113
501532,0.21678321678321677
501533,0.024691358024691357
501534,0.039473684210526314
501535,0.024691358024691357
501536,0.12903225806451613
501537,0.0701219512195122
501538,0.3333333333333333
501539,0.058823529411764705
501540,0.039473684210526314
501541,0.058823529411764705
501542,0.3756345177664975
501543,0.0070921985815602835
501544,0.058823529411764705
501545,0.008982035928143712
501546,0.0070921985815602835
501547,0.0
501548,0.3756345177664975
501549,0.21621621621621623
501550,0.4444444444444444
501551,0.039473684210526314
501552,0.04112554112554113
501553,0.024691358024691357
501554,0.1935483870967742
501555,0.058823529411764705
501556,0.04112554112554113
501557,0.04112554112554113
501558,0.07352941176470588
501559,0.1935483870967742
501560,0.07352941176470588
501561,0.1935483870967742
501562,0.21621621621621623
501563,0.12903225806451613
501564,0.21678321678321677
501565,0.018433179723502304
501566,0.16842105263157894
501567,0.0701219512195122
501568,0.058823529411764705
501569,0.024691358024691357
501570,0.16842105263157894
501571,0.021159142663672022
501572,0.17647058823529413
501573,0.4444444444444444
501574,0.008982035928143712
501575,0.3756345177664975
501576,0.058823529411764705
501577,0.5882352941176471
501578,0.04112554112554113
501579,0.1935483870967742
501580,0.018433179723502304
501581,0.17647058823529413
501582,0.3756345177664975
501583,0.039473684210526314
501584,0.04112554112554113
501585,0.21678321678321677
501586,0.0070921985815602835
501587,0.07352941176470588
501588,0.058823529411764705
501589,0.04112554112554113
501590,0.039473684210526314
501591,0.4444444444444444
501592,0.17647058823529413
501593,0.1935483870967742
501594,0.039473684210526314
501595,0.15384615384615385
501596,0.1935483870967742
501597,0.008982035928143712
501598,0.0701219512195122
501599,0.09183673469387756
501600,0.008982035928143712
501601,0.04112554112554113
501602,0.058823529411764705
501603,0.04112554112554113
501604,0.16842105263157894
501605,0.07352941176470588
501606,0.16842105263157894
501607,0.024691358024691357
501608,0.06432748538011696
501609,0.018433179723502304
501610,0.039473684210526314
501611,0.21678321678321677
501612,0.018433179723502304
501613,0.1935483870967742
501614,0.17647058823529413
501615,0.04112554112554113
501616,0.12903225806451613
501617,0.0070921985815602835
501618,0.04112554112554113
501619,0.6428571428571429
501620,0.06432748538011696
501621,0.4444444444444444
501622,0.0070921985815602835
501623,0.04112554112554113
501624,0.1935483870967742
501625,0.04112554112554113
501626,0.04112554112554113
501627,0.16842105263157894
501628,0.04112554112554113
501629,0.04112554112554113
501630,0.38461538461538464
501631,0.0701219512195122
501632,0.6133333333333333
501633,0.018433179723502304
501634,0.04112554112554113
501635,0.17531973926810765
501636,0.008982035928143712
501637,0.008982035928143712
501638,0.0070921985815602835
501639,0.12903225806451613
501640,0.3756345177664975
501641,0.84
501642,0.039473684210526314
501643,0.6428571428571429
501644,0.17647058823529413
501645,0.04112554112554113
501646,0.04112554112554113
501647,0.018433179723502304
501648,0.04112554112554113
501649,0.06432748538011696
501650,0.1935483870967742
501651,0.21621621621621623
501652,0.16842105263157894
501653,0.16842105263157894
501654,0.04112554112554113
501655,0.21678321678321677
501656,0.30597014925373134
501657,0.21678321678321677
501658,0.16842105263157894
501659,0.1935483870967742
501660,0.0070921985815602835
501661,0.1702127659574468
501662,0.16842105263157894
501663,0.3756345177664975
501664,0.06432748538011696
501665,0.04112554112554113
501666,0.21621621621621623
501667,0.058823529411764705
501668,0.018433179723502304
501669,0.4444444444444444
501670,0.09183673469387756
501671,0.1935483870967742
501672,0.018433179723502304
501673,0.09183673469387756
501674,0.06432748538011696
501675,0.018433179723502304
501676,0.30597014925373134
501677,0.21678321678321677
501678,0.0070921985815602835
501679,0.3756345177664975
501680,0.018433179723502304
501681,0.12244897959183673
501682,0.0070921985815602835
501683,0.07352941176470588
501684,0.07352941176470588
501685,0.21678321678321677
501686,0.07352941176470588
501687,0.21621621621621623
501688,0.024691358024691357
501689,0.018433179723502304
501690,0.0701219512195122
501691,0.018433179723502304
501692,0.04112554112554113
501693,0.0701219512195122
501694,0.058823529411764705
501695,0.04112554112554113
501696,0.30597014925373134
501697,0.024691358024691357
501698,0.018433179723502304
501699,0.6133333333333333
501700,0.018433179723502304
501701,0.04112554112554113
501702,0.008982035928143712
501703,0.0070921985815602835
501704,0.018433179723502304
501705,0.3756345177664975
501706,0.4444444444444444
501707,0.04112554112554113
501708,0.06432748538011696
501709,0.07352941176470588
501710,0.018433179723502304
501711,0.0070921985815602835
501712,0.039473684210526314
501713,0.6133333333333333
501714,0.008982035928143712
501715,0.008982035928143712
501716,0.1702127659574468
501717,0.09183673469387756
501718,0.018433179723502304
501719,0.07352941176470588
501720,0.16842105263157894
501721,0.09183673469387756
501722,0.06432748538011696
501723,0.0070921985815602835
501724,0.0070921985815602835
501725,0.21678321678321677
501726,0.6
501727,0.06432748538011696
501728,0.21678321678321677
501729,0.0701219512195122
501730,0.018433179723502304
501731,0.1935483870967742
501732,0.12903225806451613
501733,1.0
501734,0.04112554112554113
501735,0.3756345177664975
501736,0.12903225806451613
501737,0.09183673469387756
501738,0.07352941176470588
501739,0.018433179723502304
501740,0.008982035928143712
501741,0.16842105263157894
501742,0.21678321678321677
501743,0.09183673469387756
501744,0.008982035928143712
501745,0.04112554112554113
501746,0.06432748538011696
501747,0.039473684210526314
501748,0.018433179723502304
501749,0.04112554112554113
501750,0.039473684210526314
501751,0.008982035928143712
501752,0.039473684210526314
501753,0.039473684210526314
501754,0.07352941176470588
501755,0.0701219512195122
501756,0.07352941176470588
501757,0.0070921985815602835
501758,0.4444444444444444
501759,0.024691358024691357
501760,0.21678321678321677
501761,0.06432748538011696
501762,0.0070921985815602835
501763,0.018433179723502304
501764,0.018433179723502304
501765,0.3756345177664975
501766,0.16842105263157894
501767,0.018433179723502304
501768,0.21678321678321677
501769,0.16842105263157894
501770,0.039473684210526314
501771,0.1935483870967742
501772,0.3756345177664975
501773,0.0701219512195122
501774,0.0701219512195122
501775,0.8344191821852919
501776,0.21678321678321677
501777,0.12903225806451613
501778,0.039473684210526314
501779,0.06432748538011696
501780,0.21678321678321677
501781,0.018433179723502304
501782,0.3756345177664975
501783,0.0070921985815602835
501784,0.06432748538011696
501785,0.018433179723502304
501786,0.04112554112554113
501787,0.21678321678321677
501788,0.008982035928143712
501789,0.04112554112554113
501790,0.0070921985815602835
501791,0.1935483870967742
501792,0.21678321678321677
501793,0.3756345177664975
501794,0.008982035928143712
501795,0.5882352941176471
501796,0.0070921985815602835
501797,0.018433179723502304
501798,0.018433179723502304
501799,0.04112554112554113
501800,0.04112554112554113
501801,0.15384615384615385
501802,0.07352941176470588
501803,0.21678321678321677
501804,0.0070921985815602835
501805,0.008982035928143712
501806,0.6666666666666666
501807,0.024691358024691357
501808,0.04112554112554113
501809,0.058823529411764705
501810,0.018433179723502304
501811,0.039473684210526314
501812,0.06432748538011696
501813,0.3333333333333333
501814,0.039473684210526314
501815,0.21621621621621623
501816,0.30597014925373134
501817,0.039473684210526314
501818,0.16842105263157894
501819,0.018433179723502304
501820,0.0701219512195122
501821,0.12903225806451613
501822,0.07352941176470588
501823,0.04112554112554113
501824,0.04112554112554113
501825,0.07352941176470588
501826,0.039473684210526314
501827,0.12903225806451613
501828,0.0
501829,0.3756345177664975
501830,0.018433179723502304
501831,0.17647058823529413
501832,0.06432748538011696
501833,0.09183673469387756
501834,0.17647058823529413
501835,0.1935483870967742
501836,0.30597014925373134
501837,0.16842105263157894
501838,0.16842105263157894
501839,0.1935483870967742
501840,0.1935483870967742
501841,0.07352941176470588
501842,0.04112554112554113
501843,0.6428571428571429
501844,0.018433179723502304
501845,0.16842105263157894
501846,0.16842105263157894
501847,0.3756345177664975
501848,0.04112554112554113
501849,0.0070921985815602835
501850,0.008982035928143712
501851,0.0701219512195122
501852,0.039473684210526314
501853,0.10598918703707226
501854,0.018433179723502304
501855,0.07352941176470588
501856,0.04112554112554113
501857,0.039473684210526314
501858,0.04112554112554113
501859,0.07352941176470588
501860,0.6133333333333333
501861,0.0701219512195122
501862,0.04112554112554113
501863,0.0070921985815602835
501864,0.12244897959183673
501865,0.0070921985815602835
501866,0.0070921985815602835
501867,0.018433179723502304
501868,0.21621621621621623
501869,0.17647058823529413
501870,0.039473684210526314
501871,0.3756345177664975
501872,0.0070921985815602835
501873,0.039473684210526314
501874,0.16842105263157894
501875,0.018433179723502304
501876,0.3756345177664975
501877,0.0701219512195122
501878,0.04112554112554113
501879,0.6428571428571429
501880,0.21678321678321677
501881,0.058823529411764705
501882,0.21678321678321677
501883,0.039473684210526314
501884,0.0701219512195122
501885,0.018433179723502304
501886,0.039473684210526314
501887,0.058823529411764705
501888,0.6
501889,0.039473684210526314
501890,0.008982035928143712
501891,0.4444444444444444
501892,0.0
501893,0.21678321678321677
501894,0.058823529411764705
501895,0.6133333333333333
501896,0.07352941176470588
501897,0.21621621621621623
501898,0.21621621621621623
501899,0.06432748538011696
501900,0.09183673469387756
501901,0.0070921985815602835
501902,0.12244897959183673
501903,0.018433179723502304
501904,0.0070921985815602835
501905,0.039473684210526314
501906,0.008982035928143712
501907,0.039473684210526314
501908,0.0070921985815602835
501909,0.008982035928143712
501910,0.008982035928143712
501911,0.30597014925373134
501912,0.008982035928143712
501913,0.04112554112554113
501914,0.16842105263157894
501915,0.5882352941176471
501916,0.6133333333333333
501917,0.008982035928143712
501918,0.1935483870967742
501919,0.09183673469387756
501920,0.0701219512195122
501921,0.039473684210526314
501922,0.4444444444444444
501923,0.21678321678321677
501924,0.3756345177664975
501925,0.018433179723502304
501926,0.039473684210526314
501927,0.018433179723502304
501928,0.039473684210526314
501929,0.07352941176470588
501930,0.1935483870967742
501931,0.06432748538011696
501932,0.16842105263157894
501933,0.04112554112554113
501934,0.16842105263157894
501935,0.018433179723502304
501936,0.008982035928143712
501937,0.21621621621621623
501938,0.024691358024691357
501939,0.039473684210526314
501940,0.07352941176470588
501941,0.6133333333333333
501942,0.04112554112554113
501943,0.17519143975620624
501944,0.07352941176470588
501945,0.024691358024691357
501946,0.07352941176470588
501947,0.1935483870967742
501948,0.018433179723502304
501949,0.058823529411764705
501950,0.008982035928143712
501951,0.21678321678321677
501952,0.07352941176470588
501953,0.3756345177664975
501954,0.039473684210526314
501955,0.07352941176470588
501956,0.0070921985815602835
501957,0.07352941176470588
501958,0.5882352941176471
501959,0.06432748538011696
501960,0.06432748538011696
501961,0.09183673469387756
501962,0.058823529411764705
501963,0.3756345177664975
501964,0.1935483870967742
501965,0.09183673469387756
501966,0.04112554112554113
501967,0.04112554112554113
501968,0.0070921985815602835
501969,0.04112554112554113
501970,0.008982035928143712
501971,0.039473684210526314
501972,0.018433179723502304
501973,0.008982035928143712
501974,0.6133333333333333
501975,0.21678321678321677
501976,0.30597014925373134
501977,0.0070921985815602835
501978,0.30597014925373134
501979,0.039473684210526314
501980,0.04112554112554113
501981,0.21621621621621623
501982,0.12903225806451613
501983,0.018433179723502304
501984,0.21678321678321677
501985,0.04112554112554113
501986,0.21678321678321677
501987,0.024691358024691357
501988,0.0070921985815602835
501989,0.84
501990,0.018433179723502304
501991,0.04112554112554113
501992,0.12244897959183673
501993,0.058823529411764705
501994,0.018433179723502304
501995,0.0701219512195122
501996,0.16842105263157894
501997,0.0701219512195122
501998,0.04112554112554113
501999,0.018433179723502304
502000,0.17647058823529413
502001,0.12903225806451613
502002,0.04112554112554113
502003,0.3756345177664975
502004,0.018433179723502304
502005,0.3756345177664975
502006,0.3756345177664975
502007,0.07352941176470588
502008,0.3756345177664975
502009,0.4444444444444444
502010,0.008982035928143712
502011,0.024691358024691357
502012,0.039473684210526314
502013,0.1935483870967742
502014,0.07352941176470588
502015,0.008982035928143712
502016,0.0070921985815602835
502017,0.018433179723502304
502018,0.5882352941176471
502019,0.30597014925373134
502020,0.0701219512195122
502021,0.84
502022,0.018433179723502304
502023,0.6666666666666666
502024,0.018433179723502304
502025,0.16842105263157894
502026,0.0070921985815602835
502027,0.3756345177664975
502028,0.12244897959183673
502029,0.17647058823529413
502030,0.21678321678321677
502031,0.12244897959183673
502032,0.018433179723502304
502033,0.06432748538011696
502034,0.09183673469387756
502035,0.018433179723502304
502036,0.1935483870967742
502037,0.058823529411764705
502038,0.0701219512195122
502039,0.039473684210526314
502040,0.4444444444444444
502041,0.0070921985815602835
502042,0.04112554112554113
502043,0.0701219512195122
502044,0.039473684210526314
502045,0.008982035928143712
502046,0.0070921985815602835
502047,0.04112554112554113
502048,0.0070921985815602835
502049,0.04112554112554113
502050,0.008982035928143712
502051,0.3756345177664975
502052,0.018433179723502304
502053,0.04112554112554113
502054,0.4444444444444444
502055,0.3756345177664975
502056,0.3756345177664975
502057,0.058823529411764705
502058,0.16842105263157894
502059,0.04112554112554113
502060,0.008982035928143712
502061,0.09629692933183542
502062,0.0701219512195122
502063,0.024691358024691357
502064,0.04112554112554113
502065,0.21621621621621623
502066,0.09183673469387756
502067,0.0070921985815602835
502068,0.21678321678321677
502069,0.07352941176470588
502070,0.07352941176470588
502071,0.16842105263157894
502072,0.21621621621621623
502073,0.07352941176470588
502074,0.018433179723502304
502075,0.058823529411764705
502076,0.0070921985815602835
502077,0.04112554112554113
502078,0.21678321678321677
502079,0.1935483870967742
502080,0.0070921985815602835
502081,0.1935483870967742
502082,0.018433179723502304
502083,0.4444444444444444
502084,0.21678321678321677
502085,0.0070921985815602835
502086,0.039473684210526314
502087,0.04112554112554113
502088,0.018433179723502304
502089,0.4444444444444444
502090,0.04112554112554113
502091,0.04112554112554113
502092,0.039473684210526314
502093,0.0070921985815602835
502094,0.15384615384615385
502095,0.06432748538011696
502096,0.008982035928143712
502097,0.1935483870967742
502098,0.024691358024691357
502099,0.018433179723502304
502100,0.12244897959183673
502101,0.018433179723502304
502102,0.039473684210526314
502103,0.0701219512195122
502104,0.018433179723502304
502105,0.30597014925373134
502106,0.04112554112554113
502107,0.21678321678321677
502108,0.3756345177664975
502109,0.1935483870967742
502110,0.04112554112554113
502111,0.058823529411764705
502112,0.018433179723502304
502113,0.039473684210526314
502114,0.0701219512195122
502115,0.21678321678321677
502116,0.17647058823529413
502117,0.04112554112554113
502118,0.024691358024691357
502119,0.09183673469387756
502120,0.0070921985815602835
502121,0.018433179723502304
502122,0.04112554112554113
502123,0.039473684210526314
502124,0.0070921985815602835
502125,0.07352941176470588
502126,0.07352941176470588
502127,0.16842105263157894
502128,0.04112554112554113
502129,0.21678321678321677
502130,0.039473684210526314
502131,0.018433179723502304
502132,0.1935483870967742
502133,0.16842105263157894
502134,0.06432748538011696
502135,0.6666666666666666
502136,0.008982035928143712
502137,0.008982035928143712
502138,0.5882352941176471
502139,0.024691358024691357
502140,0.018433179723502304
502141,0.3756345177664975
502142,0.0701219512195122
502143,0.008982035928143712
502144,0.008982035928143712
502145,0.84
502146,0.21678321678321677
502147,0.018433179723502304
502148,0.018433179723502304
502149,0.1935483870967742
502150,0.008982035928143712
502151,0.07352941176470588
502152,0.024691358024691357
502153,0.21678321678321677
502154,0.04112554112554113
502155,0.024691358024691357
502156,0.008982035928143712
502157,0.008982035928143712
502158,0.0070921985815602835
502159,0.06432748538011696
502160,0.16842105263157894
502161,0.04112554112554113
502162,0.04112554112554113
502163,0.04112554112554113
502164,0.17647058823529413
502165,0.04112554112554113
502166,0.018433179723502304
502167,0.018433179723502304
502168,0.040367713802968
502169,0.21621621621621623
502170,0.17647058823529413
502171,0.058823529411764705
502172,0.30597014925373134
502173,0.018433179723502304
502174,0.018433179723502304
502175,0.4444444444444444
502176,0.1935483870967742
502177,0.38461538461538464
502178,0.16842105263157894
502179,0.018433179723502304
502180,0.16842105263157894
502181,0.0701219512195122
502182,0.008982035928143712
502183,0.84
502184,0.04112554112554113
502185,0.018433179723502304
502186,0.06432748538011696
502187,0.04112554112554113
502188,0.3756345177664975
502189,0.21678321678321677
502190,0.12903225806451613
502191,0.1935483870967742
502192,0.008982035928143712
502193,0.17647058823529413
502194,0.018433179723502304
502195,0.039473684210526314
502196,0.09183673469387756
502197,0.21678321678321677
502198,0.16842105263157894
502199,0.09183673469387756
502200,0.16842105263157894
502201,0.018433179723502304
502202,0.0
502203,0.039473684210526314
502204,0.058823529411764705
502205,0.018433179723502304
502206,0.16842105263157894
502207,0.30597014925373134
502208,0.1935483870967742
502209,0.04112554112554113
502210,0.008982035928143712
502211,0.0070921985815602835
502212,0.0
502213,0.1935483870967742
502214,0.039473684210526314
502215,0.04112554112554113
502216,0.5
502217,0.21678321678321677
502218,0.058823529411764705
502219,0.0701219512195122
502220,0.09183673469387756
502221,0.058823529411764705
502222,0.6133333333333333
502223,0.6
502224,0.04112554112554113
502225,0.04112554112554113
502226,0.058823529411764705
502227,0.039473684210526314
502228,0.04112554112554113
502229,0.039473684210526314
502230,0.0701219512195122
502231,0.07352941176470588
502232,0.21621621621621623
502233,0.07352941176470588
502234,0.16842105263157894
502235,0.04112554112554113
502236,0.1935483870967742
502237,0.4444444444444444
502238,0.09183673469387756
502239,0.039473684210526314
502240,0.30597014925373134
502241,0.058823529411764705
502242,0.12903225806451613
502243,0.04112554112554113
502244,0.039473684210526314
502245,0.018433179723502304
502246,0.04112554112554113
502247,0.15384615384615385
502248,0.024691358024691357
502249,0.0701219512195122
502250,0.3756345177664975
502251,0.6133333333333333
502252,0.024691358024691357
502253,0.058823529411764705
502254,0.008982035928143712
502255,0.6428571428571429
502256,0.008982035928143712
502257,0.008982035928143712
502258,0.30597014925373134
502259,0.07352941176470588
502260,0.024691358024691357
502261,0.06432748538011696
502262,0.058823529411764705
502263,0.0
502264,0.17647058823529413
502265,0.024691358024691357
502266,0.1935483870967742
502267,0.0701219512195122
502268,0.018433179723502304
502269,0.0701219512195122
502270,0.0701219512195122
502271,0.04112554112554113
502272,0.018433179723502304
502273,0.04112554112554113
502274,0.4444444444444444
502275,0.17647058823529413
502276,0.058823529411764705
502277,0.1702127659574468
502278,0.018433179723502304
502279,0.008982035928143712
502280,0.018433179723502304
502281,0.039473684210526314
502282,0.16842105263157894
502283,0.0701219512195122
502284,0.21621621621621623
502285,0.21678321678321677
502286,0.21678321678321677
502287,0.16842105263157894
502288,0.008982035928143712
502289,0.07352941176470588
502290,0.16842105263157894
502291,0.04112554112554113
502292,0.21678321678321677
502293,0.12903225806451613
502294,0.09183673469387756
502295,0.0701219512195122
502296,0.04112554112554113
502297,0.018433179723502304
502298,0.058823529411764705
502299,0.12244897959183673
502300,0.04112554112554113
502301,0.024691358024691357
502302,0.0701219512195122
502303,0.018433179723502304
502304,0.21678321678321677
502305,0.30597014925373134
502306,0.039473684210526314
502307,0.008982035928143712
502308,0.04112554112554113
502309,0.0
502310,0.3756345177664975
502311,0.3333333333333333
502312,0.0070921985815602835
502313,0.17647058823529413
502314,0.3756345177664975
502315,0.21621621621621623
502316,0.30597014925373134
502317,0.008982035928143712
502318,0.5882352941176471
502319,0.21621621621621623
502320,0.1702127659574468
502321,0.04112554112554113
502322,0.039473684210526314
502323,0.018433179723502304
502324,0.04112554112554113
502325,0.018433179723502304
502326,0.008982035928143712
502327,0.3756345177664975
502328,0.1935483870967742
502329,0.09183673469387756
502330,0.04112554112554113
502331,0.07352941176470588
502332,0.018433179723502304
502333,0.21621621621621623
502334,0.3756345177664975
502335,0.0070921985815602835
502336,0.3756345177664975
502337,0.07352941176470588
502338,0.6428571428571429
502339,0.0070921985815602835
502340,0.3756345177664975
502341,0.0701219512195122
502342,0.6133333333333333
502343,0.018433179723502304
502344,0.09183673469387756
502345,0.018433179723502304
502346,0.018433179723502304
502347,0.04112554112554113
502348,0.04112554112554113
502349,0.018433179723502304
502350,0.008982035928143712
502351,0.6666666666666666
502352,0.018433179723502304
502353,0.04112554112554113
502354,0.0
502355,0.0701219512195122
502356,0.6133333333333333
502357,0.0070921985815602835
502358,0.008982035928143712
502359,0.21678321678321677
502360,0.0701219512195122
502361,0.07352941176470588
502362,0.1702127659574468
502363,0.008982035928143712
502364,0.018433179723502304
502365,0.04112554112554113
502366,0.15384615384615385
502367,0.12903225806451613
502368,0.04112554112554113
502369,0.0701219512195122
502370,0.04112554112554113
502371,0.12903225806451613
502372,0.07352941176470588
502373,0.06432748538011696
502374,0.0070921985815602835
502375,0.17647058823529413
502376,0.06432748538011696
502377,0.058823529411764705
502378,0.06432748538011696
502379,0.0070921985815602835
502380,0.06432748538011696
502381,0.30597014925373134
502382,0.0701219512195122
502383,0.04112554112554113
502384,0.21621621621621623
502385,0.04112554112554113
502386,0.008982035928143712
502387,0.04112554112554113
502388,0.07034829469903252
502389,0.07352941176470588
502390,0.17647058823529413
502391,0.018433179723502304
502392,0.09183673469387756
502393,0.1935483870967742
502394,0.039473684210526314
502395,0.018433179723502304
502396,0.07352941176470588
502397,0.21678321678321677
502398,0.21678321678321677
502399,0.21621621621621623
502400,0.3756345177664975
502401,0.07352941176470588
502402,0.04112554112554113
502403,0.3333333333333333
502404,0.018433179723502304
502405,0.0701219512195122
502406,0.04112554112554113
502407,0.018433179723502304
502408,0.018433179723502304
502409,0.1935483870967742
502410,0.018433179723502304
502411,0.0070921985815602835
502412,0.0701219512195122
502413,0.04112554112554113
502414,0.04112554112554113
502415,0.039473684210526314
502416,0.21678321678321677
502417,0.039473684210526314
502418,0.024691358024691357
502419,0.3756345177664975
502420,0.04112554112554113
502421,0.21621621621621623
502422,0.039473684210526314
502423,0.024691358024691357
502424,0.07352941176470588
502425,0.07352941176470588
502426,0.0
502427,0.3756345177664975
502428,0.024691358024691357
502429,0.018433179723502304
502430,0.039473684210526314
502431,0.0701219512195122
502432,0.04112554112554113
502433,0.07352941176470588
502434,0.018433179723502304
502435,0.21678321678321677
502436,0.039473684210526314
502437,0.0701219512195122
502438,0.21621621621621623
502439,0.04112554112554113
502440,0.058823529411764705
502441,0.0701219512195122
502442,0.0701219512195122
502443,0.0070921985815602835
502444,0.21678321678321677
502445,0.3756345177664975
502446,0.0701219512195122
502447,0.0
502448,0.018433179723502304
502449,0.21678321678321677
502450,0.12244897959183673
502451,0.0701219512195122
502452,0.0701219512195122
502453,0.09183673469387756
502454,0.4444444444444444
502455,0.008982035928143712
502456,0.07352941176470588
502457,0.16842105263157894
502458,0.21678321678321677
502459,0.039473684210526314
502460,0.0701219512195122
502461,0.039473684210526314
502462,0.4444444444444444
502463,0.16842105263157894
502464,0.058823529411764705
502465,0.07352941176470588
502466,0.06432748538011696
502467,0.3756345177664975
502468,0.039473684210526314
502469,0.6428571428571429
502470,0.018433179723502304
502471,0.018433179723502304
502472,0.04112554112554113
502473,0.21621621621621623
502474,0.04112554112554113
502475,0.6133333333333333
502476,0.6133333333333333
502477,0.0070921985815602835
502478,0.04112554112554113
502479,0.07352941176470588
502480,0.0070921985815602835
502481,0.058823529411764705
502482,0.0701219512195122
502483,0.04112554112554113
502484,0.06432748538011696
502485,0.0701219512195122
502486,0.018433179723502304
502487,0.06432748538011696
502488,0.17647058823529413
502489,0.16842105263157894
502490,0.6133333333333333
502491,0.0
502492,0.06432748538011696
502493,0.16842105263157894
502494,0.12244897959183673
502495,0.84
502496,0.04112554112554113
502497,0.06432748538011696
502498,0.16842105263157894
502499,0.16842105263157894
502500,0.039473684210526314
502501,0.0
502502,0.21621621621621623
502503,0.058823529411764705
502504,0.06432748538011696
502505,0.12903225806451613
502506,0.008982035928143712
502507,0.07352941176470588
502508,0.058823529411764705
502509,0.07352941176470588
502510,0.16842105263157894
502511,0.018433179723502304
502512,0.04112554112554113
502513,0.17647058823529413
502514,0.21678321678321677
502515,0.018433179723502304
502516,0.0
502517,0.17647058823529413
502518,0.30597014925373134
502519,0.09183673469387756
502520,0.06432748538011696
502521,0.07352941176470588
502522,0.3756345177664975
502523,0.024691358024691357
502524,0.1935483870967742
502525,0.024691358024691357
502526,0.3756345177664975
502527,0.039473684210526314
502528,0.21678321678321677
502529,0.018433179723502304
502530,0.4444444444444444
502531,0.09183673469387756
502532,0.06432748538011696
502533,0.04112554112554113
502534,0.1935483870967742
502535,0.3756345177664975
502536,0.008982035928143712
502537,0.058823529411764705
502538,0.008982035928143712
502539,0.07352941176470588
502540,0.5882352941176471
502541,0.018433179723502304
502542,0.21678321678321677
502543,0.058823529411764705
502544,0.06432748538011696
502545,0.018433179723502304
502546,0.018433179723502304
502547,0.12903225806451613
502548,0.30597014925373134
502549,0.1111111111111111
502550,0.4444444444444444
502551,0.018433179723502304
502552,0.04112554112554113
502553,0.04112554112554113
502554,0.0070921985815602835
502555,0.058823529411764705
502556,0.3756345177664975
502557,0.039473684210526314
502558,0.21621621621621623
502559,0.04112554112554113
502560,0.058823529411764705
502561,0.04112554112554113
502562,0.04112554112554113
502563,0.039473684210526314
502564,0.5882352941176471
502565,0.018433179723502304
502566,0.07352941176470588
502567,0.1935483870967742
502568,0.024691358024691357
502569,0.1935483870967742
502570,0.018433179723502304
502571,0.21678321678321677
502572,0.008982035928143712
502573,0.0070921985815602835
502574,0.17647058823529413
502575,0.6133333333333333
502576,0.04112554112554113
502577,0.008982035928143712
502578,0.018433179723502304
502579,0.0070921985815602835
502580,0.3756345177664975
502581,0.12903225806451613
502582,0.6133333333333333
502583,0.04112554112554113
502584,0.04112554112554113
502585,0.008982035928143712
502586,0.21678321678321677
502587,0.018433179723502304
502588,0.06432748538011696
502589,0.12903225806451613
502590,0.1935483870967742
502591,0.15384615384615385
502592,0.008982035928143712
502593,0.17647058823529413
502594,0.04112554112554113
502595,0.008982035928143712
502596,0.018433179723502304
502597,0.6133333333333333
502598,0.018433179723502304
502599,0.6428571428571429
502600,0.018433179723502304
502601,0.17647058823529413
502602,0.3332258007084964
502603,0.3756345177664975
502604,0.0701219512195122
502605,0.039473684210526314
502606,0.21678321678321677
502607,0.04112554112554113
502608,0.15384615384615385
502609,0.0701219512195122
502610,0.018433179723502304
502611,0.018433179723502304
502612,0.07352941176470588
502613,0.21621621621621623
502614,0.07352941176470588
502615,0.17647058823529413
502616,0.04112554112554113
502617,0.06432748538011696
502618,0.008982035928143712
502619,0.058823529411764705
502620,0.039473684210526314
502621,0.018433179723502304
502622,0.018433179723502304
502623,0.04112554112554113
502624,0.07352941176470588
502625,0.024691358024691357
502626,0.17647058823529413
502627,0.024691358024691357
502628,0.04036389054358054
502629,0.12244897959183673
502630,0.15384615384615385
502631,0.008982035928143712
502632,0.21678321678321677
502633,0.21621621621621623
502634,0.06432748538011696
502635,0.21678321678321677
502636,0.17647058823529413
502637,0.018433179723502304
502638,0.04112554112554113
502639,0.16842105263157894
502640,0.16842105263157894
502641,0.018433179723502304
502642,0.30597014925373134
502643,0.4444444444444444
502644,0.018433179723502304
502645,0.4444444444444444
502646,0.008982035928143712
502647,0.058823529411764705
502648,0.4444444444444444
502649,0.0701219512195122
502650,0.38461538461538464
502651,0.018433179723502304
502652,0.04112554112554113
502653,0.0701219512195122
502654,0.0701219512195122
502655,0.008982035928143712
502656,0.6428571428571429
502657,0.1935483870967742
502658,0.16842105263157894
502659,0.039473684210526314
502660,0.039473684210526314
502661,0.018433179723502304
502662,0.024691358024691357
502663,0.6428571428571429
502664,0.16842105263157894
502665,0.04112554112554113
502666,0.008982035928143712
502667,0.058823529411764705
502668,0.018433179723502304
502669,0.008982035928143712
502670,0.6428571428571429
502671,0.058823529411764705
502672,0.84
502673,0.018433179723502304
502674,0.018433179723502304
502675,0.024691358024691357
502676,0.1935483870967742
502677,0.3756345177664975
502678,0.018433179723502304
502679,0.04112554112554113
502680,0.3333333333333333
502681,0.06432748538011696
502682,0.008982035928143712
502683,0.21678321678321677
502684,0.21678321678321677
502685,0.039473684210526314
502686,0.039473684210526314
502687,0.6133333333333333
502688,0.04112554112554113
502689,0.008982035928143712
502690,0.06432748538011696
502691,0.4444444444444444
502692,0.16842105263157894
502693,0.039473684210526314
502694,0.04112554112554113
502695,0.6428571428571429
502696,0.4444444444444444
502697,0.018433179723502304
502698,0.008982035928143712
502699,0.008982035928143712
502700,0.21621621621621623
502701,0.16842105263157894
502702,0.018433179723502304
502703,0.09183673469387756
502704,0.21678321678321677
502705,0.058823529411764705
502706,0.018433179723502304
502707,0.1111111111111111
502708,0.07352941176470588
502709,0.008982035928143712
502710,0.30597014925373134
502711,0.1702127659574468
502712,0.6133333333333333
502713,0.6428571428571429
502714,0.21678321678321677
502715,0.06432748538011696
502716,0.058823529411764705
502717,0.0070921985815602835
502718,0.058823529411764705
502719,0.15384615384615385
502720,0.16842105263157894
502721,0.16842105263157894
502722,0.008982035928143712
502723,0.1935483870967742
502724,0.04112554112554113
502725,0.21678321678321677
502726,0.06432748538011696
502727,0.0701219512195122
502728,0.6246173121402508
502729,0.0701219512195122
502730,0.21678321678321677
502731,0.018433179723502304
502732,0.008982035928143712
502733,0.8181818181818182
502734,0.12244897959183673
502735,0.06432748538011696
502736,0.3756345177664975
502737,0.0070921985815602835
502738,0.07352941176470588
502739,0.38461538461538464
502740,0.1559327356543676
502741,0.0070921985815602835
502742,0.008982035928143712
502743,0.018433179723502304
502744,0.07352941176470588
502745,0.12244897959183673
502746,0.024691358024691357
502747,0.30597014925373134
502748,0.06432748538011696
502749,0.0
502750,0.04112554112554113
502751,0.4444444444444444
502752,0.0070921985815602835
502753,0.30597014925373134
502754,0.12244897959183673
502755,0.07352941176470588
502756,0.058823529411764705
502757,0.018433179723502304
502758,0.16842105263157894
502759,0.21678321678321677
502760,0.0701219512195122
502761,0.21678321678321677
502762,0.30597014925373134
502763,0.018433179723502304
502764,0.07352941176470588
502765,0.3322785196716102
502766,0.008982035928143712
502767,0.12903225806451613
502768,0.0701219512195122
502769,0.07352941176470588
502770,0.04112554112554113
502771,0.06432748538011696
502772,0.07352941176470588
502773,0.16842105263157894
502774,0.04112554112554113
502775,0.07352941176470588
502776,0.6
502777,0.3756345177664975
502778,0.0
502779,0.12244897959183673
502780,0.0701219512195122
502781,0.21678321678321677
502782,0.21678321678321677
502783,0.008982035928143712
502784,0.8359570391568798
502785,0.07352941176470588
502786,0.039473684210526314
502787,0.17647058823529413
502788,0.018433179723502304
502789,0.008982035928143712
502790,0.21678321678321677
502791,0.21678321678321677
502792,0.0070921985815602835
502793,0.4444444444444444
502794,0.0701219512195122
502795,0.0701219512195122
502796,0.12244897959183673
502797,0.018433179723502304
502798,0.039473684210526314
502799,0.09183673469387756
502800,0.04112554112554113
502801,0.0701219512195122
502802,0.16842105263157894
502803,0.06432748538011696
502804,0.21678321678321677
502805,0.0070921985815602835
502806,0.16842105263157894
502807,0.3756345177664975
502808,0.17647058823529413
502809,0.30597014925373134
502810,0.06432748538011696
502811,0.04112554112554113
502812,0.16842105263157894
502813,0.4444444444444444
502814,0.4444444444444444
502815,0.3756345177664975
502816,0.039473684210526314
502817,0.008982035928143712
502818,0.06432748538011696
502819,0.039473684210526314
502820,0.30597014925373134
502821,0.5714285714285714
502822,0.04112554112554113
502823,0.3756345177664975
502824,0.0070921985815602835
502825,0.17647058823529413
502826,0.0070921985815602835
502827,0.024691358024691357
502828,0.1935483870967742
502829,0.039473684210526314
502830,0.04112554112554113
502831,0.06432748538011696
502832,0.039473684210526314
502833,0.039473684210526314
502834,0.039473684210526314
502835,0.04112554112554113
502836,0.04112554112554113
502837,0.04112554112554113
502838,0.039473684210526314
502839,0.06432748538011696
502840,0.21678321678321677
502841,0.04112554112554113
502842,0.0070921985815602835
502843,0.039473684210526314
502844,0.1111111111111111
502845,0.30597014925373134
502846,0.3756345177664975
502847,0.0701219512195122
502848,0.008982035928143712
502849,0.3756345177664975
502850,0.04112554112554113
502851,0.07352941176470588
502852,0.21678321678321677
502853,0.0070921985815602835
502854,0.4444444444444444
502855,0.018433179723502304
502856,0.058823529411764705
502857,0.008982035928143712
502858,0.06432748538011696
502859,0.018433179723502304
502860,0.21678321678321677
502861,0.024691358024691357
502862,0.17647058823529413
502863,0.0701219512195122
502864,0.21621621621621623
502865,0.039473684210526314
502866,0.06432748538011696
502867,0.07352941176470588
502868,0.4444444444444444
502869,0.21621621621621623
502870,0.07352941176470588
502871,0.0070921985815602835
502872,0.024691358024691357
502873,0.04112554112554113
502874,0.018433179723502304
502875,0.6666666666666666
502876,0.0701219512195122
502877,0.058823529411764705
502878,0.3756345177664975
502879,0.16842105263157894
502880,0.024691358024691357
502881,0.04112554112554113
502882,0.04112554112554113
502883,0.07352941176470588
502884,0.21678321678321677
502885,0.008982035928143712
502886,0.018433179723502304
502887,0.039473684210526314
502888,0.0070921985815602835
502889,0.1702127659574468
502890,0.4444444444444444
502891,0.024691358024691357
502892,0.04112554112554113
502893,0.008982035928143712
502894,0.058823529411764705
502895,0.008982035928143712
502896,0.16842105263157894
502897,0.30597014925373134
502898,0.16842105263157894
502899,0.04112554112554113
502900,0.4444444444444444
502901,0.008982035928143712
502902,0.008982035928143712
502903,0.039473684210526314
502904,0.3252483084035643
502905,0.039473684210526314
502906,0.30597014925373134
502907,0.21621621621621623
502908,0.018433179723502304
502909,0.0
502910,0.018433179723502304
502911,0.12903225806451613
502912,0.16842105263157894
502913,0.039473684210526314
502914,0.07352941176470588
502915,0.0701219512195122
502916,0.1111111111111111
502917,0.09183673469387756
502918,0.018433179723502304
502919,0.6428571428571429
502920,0.12244897959183673
502921,0.06432748538011696
502922,0.04112554112554113
502923,0.018433179723502304
502924,0.5882352941176471
502925,0.039473684210526314
502926,0.06432748538011696
502927,0.17647058823529413
502928,0.018433179723502304
502929,0.008982035928143712
502930,0.12903225806451613
502931,0.058823529411764705
502932,0.3756345177664975
502933,0.058823529411764705
502934,0.04112554112554113
502935,0.018433179723502304
502936,0.04112554112554113
502937,0.07352941176470588
502938,0.018433179723502304
502939,0.018433179723502304
502940,0.018433179723502304
502941,0.018433179723502304
502942,0.17647058823529413
502943,0.039473684210526314
502944,0.02977619172050308
502945,0.0070921985815602835
502946,0.0701219512195122
502947,0.6133333333333333
502948,0.0701219512195122
502949,0.1702127659574468
502950,0.0701219512195122
502951,0.1702127659574468
502952,0.039473684210526314
502953,0.04112554112554113
502954,0.058823529411764705
502955,0.039473684210526314
502956,0.0701219512195122
502957,0.04112554112554113
502958,0.024691358024691357
502959,0.06432748538011696
502960,0.008982035928143712
502961,0.15384615384615385
502962,0.15384615384615385
502963,0.008982035928143712
502964,0.06432748538011696
502965,0.058823529411764705
502966,0.008982035928143712
502967,0.024691358024691357
502968,0.04112554112554113
502969,0.0701219512195122
502970,0.4444444444444444
502971,0.0070921985815602835
502972,0.21678321678321677
502973,0.039473684210526314
502974,0.0070921985815602835
502975,0.30597014925373134
502976,0.16842105263157894
502977,0.058823529411764705
502978,0.04112554112554113
502979,0.058823529411764705
502980,0.07352941176470588
502981,0.21678321678321677
502982,0.12903225806451613
502983,0.039473684210526314
502984,0.3756345177664975
502985,0.04112554112554113
502986,0.21678321678321677
502987,0.1702127659574468
502988,0.12903225806451613
502989,0.06432748538011696
502990,0.3756345177664975
502991,0.04112554112554113
502992,0.04112554112554113
502993,0.16842105263157894
502994,0.0070921985815602835
502995,0.07352941176470588
502996,0.039473684210526314
502997,0.4444444444444444
502998,0.6133333333333333
502999,0.018433179723502304
503000,0.018433179723502304
503001,0.018433179723502304
503002,0.1702127659574468
503003,1.0
503004,0.04112554112554113
503005,0.039473684210526314
503006,0.17647058823529413
503007,0.0701219512195122
503008,0.018433179723502304
503009,0.0070921985815602835
503010,0.30597014925373134
503011,0.06432748538011696
503012,0.039473684210526314
503013,0.6
503014,0.12903225806451613
503015,0.058823529411764705
503016,0.07352941176470588
503017,0.21678321678321677
503018,0.4444444444444444
503019,0.039473684210526314
503020,0.0701219512195122
503021,0.039473684210526314
503022,1.0
503023,0.018433179723502304
503024,0.0070921985815602835
503025,0.04112554112554113
503026,0.04112554112554113
503027,0.0070921985815602835
503028,0.17647058823529413
503029,0.039473684210526314
503030,0.018433179723502304
503031,0.06432748538011696
503032,0.06432748538011696
503033,0.06432748538011696
503034,0.17647058823529413
503035,0.1935483870967742
503036,0.07352941176470588
503037,0.6133333333333333
503038,0.039473684210526314
503039,0.30597014925373134
503040,0.3756345177664975
503041,0.3756345177664975
503042,0.30597014925373134
503043,0.07352941176470588
503044,0.21678321678321677
503045,0.018433179723502304
503046,0.039473684210526314
503047,0.09183673469387756
503048,0.008982035928143712
503049,0.16842105263157894
503050,0.0701219512195122
503051,0.04112554112554113
503052,0.0701219512195122
503053,0.039473684210526314
503054,0.21621621621621623
503055,0.12903225806451613
503056,0.5882352941176471
503057,0.0701219512195122
503058,0.1935483870967742
503059,0.07352941176470588
503060,0.04112554112554113
503061,0.16842105263157894
503062,0.039473684210526314
503063,0.008982035928143712
503064,0.0701219512195122
503065,0.04112554112554113
503066,0.21678321678321677
503067,0.058823529411764705
503068,0.06432748538011696
503069,0.1935483870967742
503070,0.09183673469387756
503071,0.3756345177664975
503072,0.0701219512195122
503073,0.17647058823529413
503074,0.008982035928143712
503075,0.1111111111111111
503076,0.024691358024691357
503077,0.039473684210526314
503078,0.09183673469387756
503079,0.21621621621621623
503080,0.018433179723502304
503081,1.0
503082,0.024691358024691357
503083,0.008982035928143712
503084,0.04112554112554113
503085,0.6133333333333333
503086,0.008982035928143712
503087,0.5882352941176471
503088,0.07352941176470588
503089,0.0070921985815602835
503090,0.039473684210526314
503091,0.21621621621621623
503092,0.04112554112554113
503093,0.0701219512195122
503094,0.07352941176470588
503095,0.5882352941176471
503096,0.04112554112554113
503097,0.21621621621621623
503098,0.6428571428571429
503099,0.008982035928143712
503100,0.17647058823529413
503101,0.21678321678321677
503102,0.06432748538011696
503103,0.018433179723502304
503104,0.0070921985815602835
503105,0.008982035928143712
503106,0.018433179723502304
503107,0.04112554112554113
503108,0.06432748538011696
503109,0.018433179723502304
503110,0.04112554112554113
503111,0.12903225806451613
503112,0.84
503113,0.0
503114,0.16842105263157894
503115,0.039473684210526314
503116,0.0
503117,0.039473684210526314
503118,0.21678321678321677
503119,0.0701219512195122
503120,0.17647058823529413
503121,0.6133333333333333
503122,0.1935483870967742
503123,0.018433179723502304
503124,0.04112554112554113
503125,0.3756345177664975
503126,0.024691358024691357
503127,0.0070921985815602835
503128,0.058823529411764705
503129,0.039473684210526314
503130,0.039473684210526314
503131,0.21621621621621623
503132,0.0701219512195122
503133,0.21678321678321677
503134,0.21678321678321677
503135,0.3756345177664975
503136,0.008982035928143712
503137,0.1935483870967742
503138,0.024691358024691357
503139,0.17647058823529413
503140,0.3756345177664975
503141,0.21678321678321677
503142,0.1702127659574468
503143,0.04112554112554113
503144,0.12903225806451613
503145,0.04112554112554113
503146,0.16842105263157894
503147,0.6133333333333333
503148,0.06432748538011696
503149,0.039473684210526314
503150,0.024691358024691357
503151,0.04112554112554113
503152,0.84
503153,0.0070921985815602835
503154,0.3756345177664975
503155,0.21678321678321677
503156,0.0701219512195122
503157,0.058823529411764705
503158,0.21678321678321677
503159,0.16842105263157894
503160,0.024691358024691357
503161,0.0070921985815602835
503162,0.018433179723502304
503163,0.3756345177664975
503164,0.0070921985815602835
503165,0.0070921985815602835
503166,0.07352941176470588
503167,0.04112554112554113
503168,0.1702127659574468
503169,0.4444444444444444
503170,0.16842105263157894
503171,0.12903225806451613
503172,0.06432748538011696
503173,0.018433179723502304
503174,0.0701219512195122
503175,0.0701219512195122
503176,0.12244897959183673
503177,0.5882352941176471
503178,0.04112554112554113
503179,0.21621621621621623
503180,0.018433179723502304
503181,0.04112554112554113
503182,0.04112554112554113
503183,0.0
503184,0.04112554112554113
503185,0.04112554112554113
503186,0.3756345177664975
503187,0.04112554112554113
503188,0.024691358024691357
503189,0.039473684210526314
503190,0.0701219512195122
503191,0.6428571428571429
503192,0.10991702959084329
503193,0.04112554112554113
503194,0.058823529411764705
503195,0.008982035928143712
503196,0.12244897959183673
503197,0.039473684210526314
503198,0.0070921985815602835
503199,0.21678321678321677
503200,0.008982035928143712
503201,0.04112554112554113
503202,0.1935483870967742
503203,0.16842105263157894
503204,0.30597014925373134
503205,0.06432748538011696
503206,0.039473684210526314
503207,0.008982035928143712
503208,0.07352941176470588
503209,0.06432748538011696
503210,0.04112554112554113
503211,0.0701219512195122
503212,0.6133333333333333
503213,0.039473684210526314
503214,0.039473684210526314
503215,0.024691358024691357
503216,0.1702127659574468
503217,0.6428571428571429
503218,0.06432748538011696
503219,0.0701219512195122
503220,0.039473684210526314
503221,0.21678321678321677
503222,0.058823529411764705
503223,0.0070921985815602835
503224,0.0
503225,0.12903225806451613
503226,0.6133333333333333
503227,0.21678321678321677
503228,0.3756345177664975
503229,0.039473684210526314
503230,0.0070921985815602835
503231,0.04112554112554113
503232,0.3756345177664975
503233,0.039473684210526314
503234,0.1935483870967742
503235,0.4444444444444444
503236,0.4444444444444444
503237,0.30597014925373134
503238,0.12903225806451613
503239,0.06432748538011696
503240,0.4444444444444444
503241,0.16842105263157894
503242,0.12903225806451613
503243,0.07352941176470588
503244,0.018433179723502304
503245,0.0701219512195122
503246,0.0070921985815602835
503247,0.018433179723502304
503248,0.04112554112554113
503249,0.04112554112554113
503250,0.06432748538011696
503251,0.3756345177664975
503252,0.6428571428571429
503253,0.0701219512195122
503254,0.008982035928143712
503255,0.30597014925373134
503256,0.16842105263157894
503257,0.09183673469387756
503258,0.1935483870967742
503259,0.04112554112554113
503260,0.0701219512195122
503261,0.04112554112554113
503262,0.5714285714285714
503263,0.039473684210526314
503264,0.018433179723502304
503265,0.21621621621621623
503266,0.008982035928143712
503267,0.17647058823529413
503268,0.039473684210526314
503269,0.6133333333333333
503270,0.07352941176470588
503271,0.16842105263157894
503272,0.1935483870967742
503273,0.30597014925373134
503274,0.008982035928143712
503275,0.018433179723502304
503276,0.0701219512195122
503277,0.07352941176470588
503278,0.3756345177664975
503279,0.06432748538011696
503280,0.17647058823529413
503281,0.1935483870967742
503282,0.21621621621621623
503283,0.21678321678321677
503284,0.024691358024691357
503285,0.17647058823529413
503286,0.04112554112554113
503287,0.4444444444444444
503288,0.4444444444444444
503289,0.018433179723502304
503290,0.058823529411764705
503291,0.1935483870967742
503292,0.024691358024691357
503293,0.12903225806451613
503294,0.018433179723502304
503295,0.024691358024691357
503296,0.008982035928143712
503297,0.018433179723502304
503298,0.024691358024691357
503299,0.04112554112554113
503300,0.04112554112554113
503301,0.04112554112554113
503302,0.018433179723502304
503303,0.0070921985815602835
503304,0.024691358024691357
503305,0.0070921985815602835
503306,0.04112554112554113
503307,0.018433179723502304
503308,0.058823529411764705
503309,0.3756345177664975
503310,0.0701219512195122
503311,0.3756345177664975
503312,0.21678321678321677
503313,0.84
503314,0.04112554112554113
503315,0.3333333333333333
503316,0.07352941176470588
503317,0.058823529411764705
503318,0.058823529411764705
503319,0.16842105263157894
503320,0.018433179723502304
503321,0.16842105263157894
503322,0.07352941176470588
503323,0.04112554112554113
503324,0.21678321678321677
503325,0.04112554112554113
503326,0.018433179723502304
503327,0.008982035928143712
503328,0.0701219512195122
503329,0.018433179723502304
503330,0.024691358024691357
503331,0.07352941176470588
503332,0.018433179723502304
503333,0.0701219512195122
503334,0.008982035928143712
503335,0.0701219512195122
503336,0.058823529411764705
503337,0.04112554112554113
503338,0.07352941176470588
503339,0.0701219512195122
503340,0.0
503341,0.1702127659574468
503342,0.6428571428571429
503343,0.21678321678321677
503344,0.21678321678321677
503345,0.6133333333333333
503346,0.06432748538011696
503347,0.21678321678321677
503348,0.008982035928143712
503349,0.04112554112554113
503350,0.15384615384615385
503351,0.008982035928143712
503352,0.30597014925373134
503353,0.0701219512195122
503354,0.039473684210526314
503355,0.058823529411764705
503356,0.5882352941176471
503357,0.09183673469387756
503358,0.07352941176470588
503359,0.06432748538011696
503360,0.008982035928143712
503361,0.17647058823529413
503362,0.07352941176470588
503363,0.3756345177664975
503364,0.21678321678321677
503365,0.058823529411764705
503366,0.008982035928143712
503367,0.0070921985815602835
503368,0.0701219512195122
503369,0.024691358024691357
503370,0.21678321678321677
503371,0.6133333333333333
503372,0.1935483870967742
503373,0.0701219512195122
503374,0.07352941176470588
503375,0.1935483870967742
503376,0.07352941176470588
503377,0.0701219512195122
503378,0.018433179723502304
503379,0.018433179723502304
503380,0.058823529411764705
503381,0.6133333333333333
503382,0.09183673469387756
503383,0.039473684210526314
503384,0.008982035928143712
503385,0.039473684210526314
503386,0.21678321678321677
503387,0.16842105263157894
503388,0.018433179723502304
503389,0.018433179723502304
503390,0.21621621621621623
503391,0.3756345177664975
503392,0.04112554112554113
503393,0.024691358024691357
503394,0.16842105263157894
503395,0.04112554112554113
503396,0.018433179723502304
503397,0.3333333333333333
503398,0.018433179723502304
503399,0.04112554112554113
503400,0.008982035928143712
503401,0.12903225806451613
503402,0.6133333333333333
503403,0.3756345177664975
503404,0.018433179723502304
503405,0.008982035928143712
503406,0.0701219512195122
503407,0.04112554112554113
503408,0.008982035928143712
503409,0.16842105263157894
503410,0.018433179723502304
503411,0.039473684210526314
503412,0.30597014925373134
503413,0.21678321678321677
503414,0.024691358024691357
503415,0.4444444444444444
503416,0.06432748538011696
503417,0.21678321678321677
503418,0.0701219512195122
503419,0.06432748538011696
503420,0.3756345177664975
503421,0.07352941176470588
503422,0.0
503423,0.38461538461538464
503424,0.018433179723502304
503425,0.024691358024691357
503426,0.04112554112554113
503427,0.0701219512195122
503428,0.018433179723502304
503429,0.018433179723502304
503430,0.17647058823529413
503431,0.06432748538011696
503432,0.3756345177664975
503433,0.018433179723502304
503434,0.21678321678321677
503435,0.04112554112554113
503436,0.12903225806451613
503437,0.07352941176470588
503438,0.018433179723502304
503439,0.0070921985815602835
503440,0.018433179723502304
503441,0.12903225806451613
503442,0.04112554112554113
503443,0.6
503444,0.04112554112554113
503445,0.21678321678321677
503446,0.0701219512195122
503447,0.018433179723502304
503448,0.008982035928143712
503449,0.039473684210526314
503450,0.06432748538011696
503451,0.3756345177664975
503452,0.018433179723502304
503453,0.018433179723502304
503454,0.06432748538011696
503455,0.17647058823529413
503456,0.07352941176470588
503457,0.0
503458,0.058823529411764705
503459,0.0070921985815602835
503460,0.1935483870967742
503461,0.0701219512195122
503462,0.008982035928143712
503463,0.21678321678321677
503464,0.008982035928143712
503465,0.039473684210526314
503466,0.84
503467,0.04112554112554113
503468,0.21678321678321677
503469,0.6133333333333333
503470,0.21678321678321677
503471,0.0070921985815602835
503472,0.3756345177664975
503473,0.0
503474,0.3756345177664975
503475,0.0070921985815602835
503476,0.6133333333333333
503477,0.0701219512195122
503478,0.06432748538011696
503479,0.16842105263157894
503480,0.16842105263157894
503481,0.5882352941176471
503482,0.1702127659574468
503483,0.06432748538011696
503484,0.21621621621621623
503485,0.018433179723502304
503486,0.1935483870967742
503487,0.16842105263157894
503488,0.04112554112554113
503489,0.12244897959183673
503490,0.38461538461538464
503491,0.04112554112554113
503492,0.17647058823529413
503493,0.018433179723502304
503494,0.16842105263157894
503495,0.04112554112554113
503496,0.07352941176470588
503497,0.0
503498,0.6428571428571429
503499,0.04112554112554113
503500,0.0701219512195122
503501,0.058823529411764705
503502,0.16842105263157894
503503,0.0070921985815602835
503504,0.09183673469387756
503505,0.07352941176470588
503506,0.018433179723502304
503507,0.12244897959183673
503508,0.1935483870967742
503509,0.1935483870967742
503510,0.21678321678321677
503511,0.3756345177664975
503512,0.21678321678321677
503513,0.15384615384615385
503514,0.039473684210526314
503515,0.039473684210526314
503516,0.008982035928143712
503517,0.5882352941176471
503518,0.21621621621621623
503519,0.21678321678321677
503520,0.058823529411764705
503521,0.07352941176470588
503522,0.4444444444444444
503523,0.3756345177664975
503524,0.018433179723502304
503525,0.06432748538011696
503526,0.16842105263157894
503527,0.21678321678321677
503528,0.04112554112554113
503529,0.09183673469387756
503530,0.3756345177664975
503531,0.30597014925373134
503532,0.04112554112554113
503533,0.0070921985815602835
503534,0.16842105263157894
503535,0.0701219512195122
503536,0.0701219512195122
503537,0.6428571428571429
503538,0.16842105263157894
503539,0.17647058823529413
503540,0.09183673469387756
503541,0.17647058823529413
503542,0.039473684210526314
503543,0.5618880498646
503544,0.16842105263157894
503545,0.17647058823529413
503546,0.07352941176470588
503547,0.04112554112554113
503548,0.039473684210526314
503549,0.008982035928143712
503550,0.3333333333333333
503551,0.058823529411764705
503552,0.1935483870967742
503553,0.07352941176470588
503554,0.16842105263157894
503555,0.21678321678321677
503556,0.07352941176470588
503557,0.018433179723502304
503558,0.0701219512195122
503559,0.0701219512195122
503560,0.07352941176470588
503561,0.0070921985815602835
503562,0.008982035928143712
503563,0.058823529411764705
503564,0.008982035928143712
503565,0.17647058823529413
503566,0.09183673469387756
503567,0.0070921985815602835
503568,0.058823529411764705
503569,0.6288708819624823
503570,0.04112554112554113
503571,0.0701219512195122
503572,0.008982035928143712
503573,0.008982035928143712
503574,0.21678321678321677
503575,0.018433179723502304
503576,0.04112554112554113
503577,0.6133333333333333
503578,0.018433179723502304
503579,0.008982035928143712
503580,0.21621621621621623
503581,0.6428571428571429
503582,0.12903225806451613
503583,0.6133333333333333
503584,0.12244897959183673
503585,0.058823529411764705
503586,0.018433179723502304
503587,0.024691358024691357
503588,0.008982035928143712
503589,0.30597014925373134
503590,0.024691358024691357
503591,0.17647058823529413
503592,0.039473684210526314
503593,0.04112554112554113
503594,0.0701219512195122
503595,0.0701219512195122
503596,0.21621621621621623
503597,0.058823529411764705
503598,0.84
503599,0.058823529411764705
503600,0.30597014925373134
503601,0.039473684210526314
503602,0.0070921985815602835
503603,0.04112554112554113
503604,0.07352941176470588
503605,0.024691358024691357
503606,0.09183673469387756
503607,0.07352941176470588
503608,0.16842105263157894
503609,0.06432748538011696
503610,0.1702127659574468
503611,0.018433179723502304
503612,0.04112554112554113
503613,0.17647058823529413
503614,0.6133333333333333
503615,0.6428571428571429
503616,0.16842105263157894
503617,0.04112554112554113
503618,0.039473684210526314
503619,0.1702127659574468
503620,0.039473684210526314
503621,0.4444444444444444
503622,0.0701219512195122
503623,0.0070921985815602835
503624,0.0070921985815602835
503625,0.21678321678321677
503626,0.024691358024691357
503627,0.008982035928143712
503628,0.16842105263157894
503629,0.024691358024691357
503630,0.018433179723502304
503631,0.0070921985815602835
503632,0.1702127659574468
503633,0.07352941176470588
503634,0.07352941176470588
503635,0.039473684210526314
503636,0.04112554112554113
503637,0.04112554112554113
503638,0.04112554112554113
503639,0.039473684210526314
503640,0.0070921985815602835
503641,0.04112554112554113
503642,0.07352941176470588
503643,0.039473684210526314
503644,0.04112554112554113
503645,0.3756345177664975
503646,0.3756345177664975
503647,0.008982035928143712
503648,0.21678321678321677
503649,0.04112554112554113
503650,0.058823529411764705
503651,0.058823529411764705
503652,0.0070921985815602835
503653,0.039473684210526314
503654,0.1935483870967742
503655,0.058823529411764705
503656,0.6133333333333333
503657,0.008982035928143712
503658,0.4444444444444444
503659,0.21678321678321677
503660,0.0701219512195122
503661,0.04112554112554113
503662,0.04112554112554113
503663,0.04112554112554113
503664,0.0
503665,0.018433179723502304
503666,0.008982035928143712
503667,0.6133333333333333
503668,0.21621621621621623
503669,0.0701219512195122
503670,0.12903225806451613
503671,0.07352941176470588
503672,0.024691358024691357
503673,0.008982035928143712
503674,0.09183673469387756
503675,0.6
503676,0.008982035928143712
503677,0.024691358024691357
503678,0.21678321678321677
503679,0.06432748538011696
503680,0.0701219512195122
503681,0.0701219512195122
503682,0.0070921985815602835
503683,0.21621621621621623
503684,0.0070921985815602835
503685,0.17647058823529413
503686,0.04112554112554113
503687,0.058823529411764705
503688,0.17647058823529413
503689,0.09183673469387756
503690,0.039473684210526314
503691,0.04112554112554113
503692,0.024691358024691357
503693,0.16842105263157894
503694,0.30597014925373134
503695,0.024691358024691357
503696,0.0070921985815602835
503697,0.04112554112554113
503698,0.04112554112554113
503699,0.018433179723502304
503700,0.6133333333333333
503701,0.0701219512195122
503702,0.024691358024691357
503703,0.1702127659574468
503704,0.0701219512195122
503705,0.07352941176470588
503706,0.018433179723502304
503707,0.07352941176470588
503708,0.6133333333333333
503709,0.008982035928143712
503710,0.6133333333333333
503711,0.3333333333333333
503712,0.008982035928143712
503713,0.12903225806451613
503714,0.039473684210526314
503715,0.018433179723502304
503716,0.21621621621621623
503717,0.018433179723502304
503718,0.039473684210526314
503719,0.039473684210526314
503720,0.024691358024691357
503721,0.06432748538011696
503722,0.3333333333333333
503723,0.07352941176470588
503724,0.0
503725,0.6133333333333333
503726,0.04112554112554113
503727,0.0701219512195122
503728,0.3756345177664975
503729,0.0070921985815602835
503730,0.1935483870967742
503731,0.21678321678321677
503732,0.024691358024691357
503733,0.12244897959183673
503734,0.30597014925373134
503735,0.039473684210526314
503736,0.21678321678321677
503737,0.024691358024691357
503738,0.018433179723502304
503739,0.039473684210526314
503740,0.21678321678321677
503741,0.058823529411764705
503742,0.039473684210526314
503743,0.30597014925373134
503744,0.008982035928143712
503745,0.1935483870967742
503746,0.84
503747,0.07352941176470588
503748,0.008982035928143712
503749,0.30597014925373134
503750,0.12244897959183673
503751,0.039473684210526314
503752,0.21678321678321677
503753,0.12244897959183673
503754,0.04112554112554113
503755,0.6133333333333333
503756,0.039473684210526314
503757,0.07352941176470588
503758,0.16842105263157894
503759,0.018433179723502304
503760,0.3756345177664975
503761,0.07352941176470588
503762,0.039473684210526314
503763,0.3756345177664975
503764,0.21678321678321677
503765,0.21621621621621623
503766,0.21678321678321677
503767,0.06432748538011696
503768,0.12903225806451613
503769,0.039473684210526314
503770,0.07352941176470588
503771,0.16842105263157894
503772,0.07352941176470588
503773,0.38461538461538464
503774,0.04112554112554113
503775,0.07352941176470588
503776,0.07352941176470588
503777,0.06432748538011696
503778,0.0070921985815602835
503779,0.024691358024691357
503780,0.058823529411764705
503781,0.039473684210526314
503782,0.07352941176470588
503783,0.018433179723502304
503784,0.09183673469387756
503785,0.0701219512195122
503786,0.0070921985815602835
503787,0.0070921985815602835
503788,0.008982035928143712
503789,0.09183673469387756
503790,0.21678321678321677
503791,0.06432748538011696
503792,0.018433179723502304
503793,0.06432748538011696
503794,0.21621621621621623
503795,0.17647058823529413
503796,0.09183673469387756
503797,0.024691358024691357
503798,0.07352941176470588
503799,0.024691358024691357
503800,0.018433179723502304
503801,0.024691358024691357
503802,0.0701219512195122
503803,0.30597014925373134
503804,0.21621621621621623
503805,0.039473684210526314
503806,0.039473684210526314
503807,0.12244897959183673
503808,0.0701219512195122
503809,0.30597014925373134
503810,0.17647058823529413
503811,0.06432748538011696
503812,0.21678321678321677
503813,0.09183673469387756
503814,0.1935483870967742
503815,0.1935483870967742
503816,0.06432748538011696
503817,0.09183673469387756
503818,0.0070921985815602835
503819,0.039473684210526314
503820,0.21678321678321677
503821,0.024691358024691357
503822,0.09183673469387756
503823,0.018433179723502304
503824,0.4444444444444444
503825,0.4444444444444444
503826,0.3333333333333333
503827,0.09183673469387756
503828,0.17647058823529413
503829,0.039473684210526314
503830,0.6428571428571429
503831,0.16842105263157894
503832,0.07352941176470588
503833,0.07352941176470588
503834,0.0
503835,0.12244897959183673
503836,0.008982035928143712
503837,0.04112554112554113
503838,0.008982035928143712
503839,0.0070921985815602835
503840,0.07352941176470588
503841,0.058823529411764705
503842,0.008982035928143712
503843,0.21678321678321677
503844,0.3333333333333333
503845,0.21678321678321677
503846,0.07352941176470588
503847,0.008982035928143712
503848,0.024691358024691357
503849,0.3756345177664975
503850,0.07352941176470588
503851,0.058823529411764705
503852,0.0070921985815602835
503853,0.1935483870967742
503854,0.12903225806451613
503855,0.07352941176470588
503856,0.018433179723502304
503857,0.12903225806451613
503858,0.4444444444444444
503859,0.21678321678321677
503860,0.0701219512195122
503861,0.0701219512195122
503862,0.024691358024691357
503863,0.21678321678321677
503864,0.09183673469387756
503865,0.008982035928143712
503866,0.3756345177664975
503867,0.1935483870967742
503868,0.0
503869,0.07352941176470588
503870,0.3756345177664975
503871,0.04112554112554113
503872,0.058823529411764705
503873,0.3333333333333333
503874,0.12903225806451613
503875,0.07352941176470588
503876,0.6133333333333333
503877,0.4444444444444444
503878,0.4444444444444444
503879,0.0701219512195122
503880,0.1702127659574468
503881,0.039473684210526314
503882,0.018433179723502304
503883,0.058823529411764705
503884,0.008982035928143712
503885,0.0070921985815602835
503886,0.058823529411764705
503887,0.04112554112554113
503888,0.0070921985815602835
503889,0.039473684210526314
503890,0.024691358024691357
503891,0.0701219512195122
503892,0.3333333333333333
503893,0.04112554112554113
503894,0.6666666666666666
503895,0.21678321678321677
503896,0.018433179723502304
503897,0.04112554112554113
503898,0.1702127659574468
503899,0.04112554112554113
503900,0.04112554112554113
503901,0.008982035928143712
503902,0.12244897959183673
503903,0.6666666666666666
503904,0.09183673469387756
503905,0.07352941176470588
503906,0.0701219512195122
503907,0.4444444444444444
503908,0.008982035928143712
503909,0.039473684210526314
503910,0.21678321678321677
503911,0.0
503912,0.1935483870967742
503913,0.008982035928143712
503914,0.17647058823529413
503915,0.16842105263157894
503916,0.0070921985815602835
503917,0.0070921985815602835
503918,0.17647058823529413
503919,0.039473684210526314
503920,0.0701219512195122
503921,0.0070921985815602835
503922,0.008982035928143712
503923,0.16842105263157894
503924,0.16842105263157894
503925,0.3756345177664975
503926,0.058823529411764705
503927,0.0701219512195122
503928,0.008982035928143712
503929,0.15384615384615385
503930,0.07352941176470588
503931,0.024691358024691357
503932,0.058823529411764705
503933,0.04112554112554113
503934,0.058823529411764705
503935,0.07352941176470588
503936,0.17647058823529413
503937,0.058823529411764705
503938,0.0070921985815602835
503939,0.039473684210526314
503940,0.06432748538011696
503941,0.3756345177664975
503942,0.04112554112554113
503943,0.018433179723502304
503944,0.008982035928143712
503945,0.018433179723502304
503946,0.018433179723502304
503947,0.6133333333333333
503948,0.04112554112554113
503949,0.6133333333333333
503950,0.024691358024691357
503951,0.21678321678321677
503952,0.0701219512195122
503953,0.3756345177664975
503954,0.21678321678321677
503955,0.06432748538011696
503956,0.16842105263157894
503957,0.04112554112554113
503958,0.008982035928143712
503959,0.039473684210526314
503960,0.17647058823529413
503961,0.07352941176470588
503962,0.018433179723502304
503963,0.04112554112554113
503964,0.0701219512195122
503965,0.21678321678321677
503966,0.1935483870967742
503967,0.21678321678321677
503968,0.1935483870967742
503969,0.008982035928143712
503970,0.039473684210526314
503971,0.058823529411764705
503972,0.058823529411764705
503973,0.058823529411764705
503974,0.0070921985815602835
503975,0.3756345177664975
503976,0.21678321678321677
503977,0.0070921985815602835
503978,0.12244897959183673
503979,0.018433179723502304
503980,0.039473684210526314
503981,0.018433179723502304
503982,0.3756345177664975
503983,0.04112554112554113
503984,0.1935483870967742
503985,0.16842105263157894
503986,0.5714285714285714
503987,0.06432748538011696
503988,0.018433179723502304
503989,0.0070921985815602835
503990,0.38461538461538464
503991,0.16842105263157894
503992,0.018433179723502304
503993,0.018433179723502304
503994,0.30597014925373134
503995,0.04112554112554113
503996,0.12244897959183673
503997,0.039473684210526314
503998,0.039473684210526314
503999,0.008982035928143712
504000,0.3333333333333333
504001,0.21678321678321677
504002,0.008982035928143712
504003,0.0701219512195122
504004,0.1935483870967742
504005,0.04112554112554113
504006,0.1702127659574468
504007,0.3265269706458063
504008,0.16842105263157894
504009,0.09183673469387756
504010,0.06432748538011696
504011,0.16842105263157894
504012,0.0701219512195122
504013,0.21678321678321677
504014,0.1935483870967742
504015,0.16842105263157894
504016,0.06432748538011696
504017,0.21678321678321677
504018,0.30597014925373134
504019,0.07352941176470588
504020,0.09183673469387756
504021,0.09183673469387756
504022,0.008982035928143712
504023,0.024691358024691357
504024,0.06432748538011696
504025,0.07352941176470588
504026,0.04112554112554113
504027,0.04112554112554113
504028,0.058823529411764705
504029,0.04112554112554113
504030,0.024691358024691357
504031,0.008982035928143712
504032,0.04112554112554113
504033,0.04112554112554113
504034,0.018433179723502304
504035,0.06432748538011696
504036,0.12903225806451613
504037,0.0070921985815602835
504038,0.3756345177664975
504039,0.4444444444444444
504040,0.21678321678321677
504041,0.3756345177664975
504042,0.0070921985815602835
504043,0.3756345177664975
504044,0.30597014925373134
504045,0.018433179723502304
504046,0.07352941176470588
504047,0.0070921985815602835
504048,0.0701219512195122
504049,0.04112554112554113
504050,0.12903225806451613
504051,0.6428571428571429
504052,0.018433179723502304
504053,0.21678321678321677
504054,0.058823529411764705
504055,0.1935483870967742
504056,0.12903225806451613
504057,0.024691358024691357
504058,0.84
504059,0.0701219512195122
504060,0.008982035928143712
504061,0.30597014925373134
504062,0.07352941176470588
504063,0.21678321678321677
504064,0.039473684210526314
504065,0.008982035928143712
504066,0.039473684210526314
504067,0.07352941176470588
504068,0.07352941176470588
504069,0.039473684210526314
504070,0.21678321678321677
504071,0.04112554112554113
504072,0.1935483870967742
504073,0.6428571428571429
504074,0.21678321678321677
504075,0.0701219512195122
504076,0.04112554112554113
504077,0.21678321678321677
504078,0.058823529411764705
504079,0.04112554112554113
504080,0.16842105263157894
504081,0.04112554112554113
504082,0.06432748538011696
504083,0.018433179723502304
504084,0.04112554112554113
504085,0.21621621621621623
504086,0.04112554112554113
504087,0.8371634516396118
504088,0.4147261082726982
504089,0.039473684210526314
504090,0.04112554112554113
504091,0.024691358024691357
504092,0.21678321678321677
504093,0.21678321678321677
504094,0.21678321678321677
504095,0.0701219512195122
504096,0.0701219512195122
504097,0.21621621621621623
504098,0.5714285714285714
504099,0.12903225806451613
504100,0.21678321678321677
504101,0.024691358024691357
504102,0.008982035928143712
504103,0.04112554112554113
504104,0.1935483870967742
504105,0.008982035928143712
504106,0.6428571428571429
504107,0.058823529411764705
504108,0.1702127659574468
504109,0.018433179723502304
504110,0.039473684210526314
504111,0.0070921985815602835
504112,0.21678321678321677
504113,0.0070921985815602835
504114,0.21678321678321677
504115,0.039473684210526314
504116,0.1111111111111111
504117,0.008982035928143712
504118,0.07352941176470588
504119,0.3756345177664975
504120,0.1935483870967742
504121,0.0070921985815602835
504122,0.09183673469387756
504123,0.039473684210526314
504124,0.1935483870967742
504125,0.07352941176470588
504126,0.30597014925373134
504127,0.21678321678321677
504128,0.04112554112554113
504129,0.0701219512195122
504130,0.0070921985815602835
504131,0.07352941176470588
504132,0.0701219512195122
504133,0.0701219512195122
504134,0.07352941176470588
504135,0.07352941176470588
504136,0.018433179723502304
504137,0.30597014925373134
504138,0.0701219512195122
504139,0.04112554112554113
504140,0.1935483870967742
504141,0.018433179723502304
504142,0.04112554112554113
504143,0.008982035928143712
504144,0.21621621621621623
504145,0.040695610862592865
504146,0.0
504147,0.21678321678321677
504148,0.024691358024691357
504149,0.0701219512195122
504150,0.04112554112554113
504151,0.018433179723502304
504152,0.018433179723502304
504153,0.0070921985815602835
504154,0.024691358024691357
504155,0.008982035928143712
504156,0.07352941176470588
504157,0.30597014925373134
504158,0.1111111111111111
504159,0.0070921985815602835
504160,0.0070921985815602835
504161,0.06432748538011696
504162,0.1935483870967742
504163,0.1935483870967742
504164,0.018433179723502304
504165,0.16842105263157894
504166,0.04112554112554113
504167,0.058823529411764705
504168,0.1935483870967742
504169,0.008982035928143712
504170,0.008982035928143712
504171,0.07352941176470588
504172,0.6428571428571429
504173,0.018433179723502304
504174,0.039473684210526314
504175,0.018433179723502304
504176,0.07352941176470588
504177,0.30597014925373134
504178,0.018433179723502304
504179,0.06432748538011696
504180,0.16842105263157894
504181,0.06432748538011696
504182,0.008982035928143712
504183,0.17647058823529413
504184,0.04112554112554113
504185,0.04112554112554113
504186,0.17647058823529413
504187,0.008982035928143712
504188,0.16842105263157894
504189,0.024691358024691357
504190,0.0070921985815602835
504191,0.0701219512195122
504192,0.15384615384615385
504193,0.07352941176470588
504194,0.018433179723502304
504195,0.018433179723502304
504196,0.04112554112554113
504197,0.018433179723502304
504198,0.16842105263157894
504199,0.018433179723502304
504200,0.018433179723502304
504201,0.1935483870967742
504202,0.21678321678321677
504203,0.039473684210526314
504204,0.3756345177664975
504205,0.1111111111111111
504206,0.06432748538011696
504207,0.0070921985815602835
504208,0.024691358024691357
504209,0.07352941176470588
504210,0.018433179723502304
504211,0.058823529411764705
504212,0.0701219512195122
504213,0.09183673469387756
504214,0.008982035928143712
504215,0.1935483870967742
504216,0.84
504217,0.024691358024691357
504218,0.008982035928143712
504219,0.16842105263157894
504220,0.21678321678321677
504221,0.018433179723502304
504222,0.3756345177664975
504223,0.6
504224,0.058823529411764705
504225,0.0701219512195122
504226,0.018433179723502304
504227,0.0070921985815602835
504228,0.1935483870967742
504229,0.30597014925373134
504230,0.07352941176470588
504231,0.04112554112554113
504232,0.12244897959183673
504233,0.07352941176470588
504234,0.04112554112554113
504235,0.018433179723502304
504236,0.039473684210526314
504237,0.0
504238,0.058823529411764705
504239,0.0701219512195122
504240,0.07352941176470588
504241,0.6666666666666666
504242,0.84
504243,0.16842105263157894
504244,0.21678321678321677
504245,0.04112554112554113
504246,0.30597014925373134
504247,0.018433179723502304
504248,0.1935483870967742
504249,0.1611988156355974
504250,0.16842105263157894
504251,0.0070921985815602835
504252,0.4444444444444444
504253,0.3756345177664975
504254,0.04112554112554113
504255,0.16842105263157894
504256,0.0701219512195122
504257,0.0070921985815602835
504258,0.039473684210526314
504259,0.4444444444444444
504260,0.07352941176470588
504261,0.3756345177664975
504262,0.16842105263157894
504263,0.0
504264,0.039473684210526314
504265,0.09183673469387756
504266,0.018433179723502304
504267,0.06432748538011696
504268,0.04112554112554113
504269,0.008982035928143712
504270,0.07352941176470588
504271,0.008982035928143712
504272,0.1935483870967742
504273,0.17647058823529413
504274,0.09183673469387756
504275,0.008982035928143712
504276,0.031983347964273316
504277,0.3756345177664975
504278,0.6428571428571429
504279,0.30597014925373134
504280,0.0701219512195122
504281,0.0
504282,0.06432748538011696
504283,0.4444444444444444
504284,0.018433179723502304
504285,0.058823529411764705
504286,0.008982035928143712
504287,0.018433179723502304
504288,0.024691358024691357
504289,0.30597014925373134
504290,0.09183673469387756
504291,0.018433179723502304
504292,0.008982035928143712
504293,0.21678321678321677
504294,0.16842105263157894
504295,0.16842105263157894
504296,0.1935483870967742
504297,0.21678321678321677
504298,0.0701219512195122
504299,0.0070921985815602835
504300,0.018433179723502304
504301,0.30597014925373134
504302,0.12903225806451613
504303,0.07352941176470588
504304,0.1935483870967742
504305,0.17647058823529413
504306,0.21678321678321677
504307,0.6133333333333333
504308,0.3756345177664975
504309,0.018433179723502304
504310,0.06432748538011696
504311,0.04112554112554113
504312,0.3756345177664975
504313,0.0
504314,0.6133333333333333
504315,0.21621621621621623
504316,0.04112554112554113
504317,0.1702127659574468
504318,0.008982035928143712
504319,0.12244897959183673
504320,0.12244897959183673
504321,0.0070921985815602835
504322,0.0701219512195122
504323,0.0701219512195122
504324,0.3756345177664975
504325,0.1935483870967742
504326,0.21678321678321677
504327,0.018433179723502304
504328,0.17647058823529413
504329,0.0
504330,0.04112554112554113
504331,0.04112554112554113
504332,0.008982035928143712
504333,0.008982035928143712
504334,0.16842105263157894
504335,0.018433179723502304
504336,0.1702127659574468
504337,0.0701219512195122
504338,0.09183673469387756
504339,0.3756345177664975
504340,0.12903225806451613
504341,0.04112554112554113
504342,0.07352941176470588
504343,0.1935483870967742
504344,0.039473684210526314
504345,0.21678321678321677
504346,0.0070921985815602835
504347,0.3756345177664975
504348,0.018433179723502304
504349,0.024691358024691357
504350,0.1702127659574468
504351,0.008982035928143712
504352,0.12244897959183673
504353,0.008982035928143712
504354,0.058823529411764705
504355,0.0701219512195122
504356,0.058823529411764705
504357,0.09183673469387756
504358,0.6
504359,0.058823529411764705
504360,0.018433179723502304
504361,0.21678321678321677
504362,0.0701219512195122
504363,0.07352941176470588
504364,0.3333333333333333
504365,0.008982035928143712
504366,0.3756345177664975
504367,0.3756345177664975
504368,0.039473684210526314
504369,0.0
504370,0.21678321678321677
504371,0.1935483870967742
504372,0.06432748538011696
504373,0.024691358024691357
504374,0.06432748538011696
504375,0.018433179723502304
504376,0.008982035928143712
504377,0.039473684210526314
504378,0.058823529411764705
504379,0.018433179723502304
504380,0.0070921985815602835
504381,0.058823529411764705
504382,0.3756345177664975
504383,0.17647058823529413
504384,0.0701219512195122
504385,0.008982035928143712
504386,0.12244897959183673
504387,0.07352941176470588
504388,0.018433179723502304
504389,1.0
504390,0.12903225806451613
504391,0.3756345177664975
504392,0.3756345177664975
504393,0.17647058823529413
504394,0.018433179723502304
504395,0.024691358024691357
504396,0.06432748538011696
504397,0.6666666666666666
504398,0.6133333333333333
504399,0.018433179723502304
504400,0.008982035928143712
504401,0.1935483870967742
504402,0.30597014925373134
504403,0.1935483870967742
504404,0.0070921985815602835
504405,0.04112554112554113
504406,0.07352941176470588
504407,0.1935483870967742
504408,0.04112554112554113
504409,0.6133333333333333
504410,0.12903225806451613
504411,0.3756345177664975
504412,0.12903225806451613
504413,0.16842105263157894
504414,0.039473684210526314
504415,0.16842105263157894
504416,0.07352941176470588
504417,0.018433179723502304
504418,0.0
504419,0.21621621621621623
504420,0.16842105263157894
504421,0.16842105263157894
504422,0.21678321678321677
504423,0.0070921985815602835
504424,0.16842105263157894
504425,0.07352941176470588
504426,0.0
504427,0.6133333333333333
504428,0.17647058823529413
504429,0.21678321678321677
504430,0.4444444444444444
504431,0.12244897959183673
504432,0.09183673469387756
504433,0.018433179723502304
504434,0.07352941176470588
504435,0.0
504436,0.018433179723502304
504437,0.0701219512195122
504438,0.6133333333333333
504439,0.09183673469387756
504440,0.07352941176470588
504441,0.17647058823529413
504442,0.17647058823529413
504443,0.84
504444,0.04112554112554113
504445,0.38461538461538464
504446,0.024691358024691357
504447,0.21678321678321677
504448,0.16842105263157894
504449,0.1935483870967742
504450,0.0701219512195122
504451,0.058823529411764705
504452,0.008982035928143712
504453,0.84
504454,0.04112554112554113
504455,0.018433179723502304
504456,0.0070921985815602835
504457,0.1111111111111111
504458,0.1935483870967742
504459,0.17647058823529413
504460,0.04112554112554113
504461,0.17647058823529413
504462,0.3756345177664975
504463,0.0070921985815602835
504464,0.06432748538011696
504465,0.0
504466,0.07352941176470588
504467,0.04112554112554113
504468,0.09183673469387756
504469,0.039473684210526314
504470,0.0701219512195122
504471,0.039473684210526314
504472,0.0070921985815602835
504473,0.3756345177664975
504474,0.06432748538011696
504475,0.1935483870967742
504476,0.12903225806451613
504477,0.04112554112554113
504478,0.06432748538011696
504479,0.018433179723502304
504480,0.06432748538011696
504481,0.018433179723502304
504482,0.12903225806451613
504483,0.1702127659574468
504484,0.008982035928143712
504485,0.07352941176470588
504486,0.6428571428571429
504487,0.12244897959183673
504488,0.04112554112554113
504489,0.008982035928143712
504490,0.058823529411764705
504491,0.06432748538011696
504492,0.6133333333333333
504493,0.008982035928143712
504494,0.07352941176470588
504495,0.04112554112554113
504496,0.039473684210526314
504497,0.12244897959183673
504498,0.018433179723502304
504499,0.5882352941176471
504500,0.6133333333333333
504501,0.0
504502,0.008982035928143712
504503,0.008982035928143712
504504,0.018433179723502304
504505,0.018433179723502304
504506,0.21678321678321677
504507,0.018433179723502304
504508,0.12244897959183673
504509,0.04112554112554113
504510,0.039473684210526314
504511,0.024691358024691357
504512,0.1935483870967742
504513,0.039473684210526314
504514,0.008982035928143712
504515,0.04112554112554113
504516,0.1702127659574468
504517,0.1702127659574468
504518,0.21678321678321677
504519,0.06432748538011696
504520,0.1935483870967742
504521,0.21678321678321677
504522,0.12244897959183673
504523,0.6428571428571429
504524,0.008982035928143712
504525,0.039473684210526314
504526,0.3756345177664975
504527,0.07352941176470588
504528,0.17647058823529413
504529,0.039473684210526314
504530,0.04112554112554113
504531,0.018433179723502304
504532,0.12903225806451613
504533,0.21621621621621623
504534,0.6133333333333333
504535,0.17647058823529413
504536,0.07352941176470588
504537,0.1702127659574468
504538,0.0701219512195122
504539,0.3756345177664975
504540,0.04112554112554113
504541,0.008982035928143712
504542,0.04112554112554113
504543,0.06432748538011696
504544,0.039473684210526314
504545,0.3756345177664975
504546,0.008982035928143712
504547,0.008982035928143712
504548,0.3756345177664975
504549,0.15384615384615385
504550,0.018433179723502304
504551,0.018433179723502304
504552,0.12244897959183673
504553,0.0701219512195122
504554,0.1935483870967742
504555,0.4444444444444444
504556,0.0701219512195122
504557,0.12903225806451613
504558,0.21678321678321677
504559,0.04112554112554113
504560,0.04112554112554113
504561,0.1935483870967742
504562,0.16842105263157894
504563,0.018433179723502304
504564,0.058823529411764705
504565,0.6428571428571429
504566,0.07352941176470588
504567,0.018433179723502304
504568,0.039473684210526314
504569,0.3756345177664975
504570,0.018433179723502304
504571,0.4444444444444444
504572,0.0070921985815602835
504573,0.21678321678321677
504574,0.21678321678321677
504575,0.3756345177664975
504576,0.07352941176470588
504577,0.21678321678321677
504578,0.21621621621621623
504579,0.0701219512195122
504580,0.5576418703531574
504581,0.1935483870967742
504582,0.12244897959183673
504583,0.6
504584,0.058823529411764705
504585,0.0070921985815602835
504586,0.16842105263157894
504587,0.008982035928143712
504588,0.058823529411764705
504589,0.0701219512195122
504590,0.008982035928143712
504591,0.21678321678321677
504592,0.04112554112554113
504593,0.3756345177664975
504594,0.039473684210526314
504595,0.0701219512195122
504596,0.04112554112554113
504597,0.12244897959183673
504598,0.0701219512195122
504599,0.008982035928143712
504600,0.058823529411764705
504601,0.058823529411764705
504602,0.06432748538011696
504603,0.09183673469387756
504604,0.16842105263157894
504605,0.21621621621621623
504606,0.17647058823529413
504607,0.07352941176470588
504608,0.008982035928143712
504609,0.008982035928143712
504610,0.16842105263157894
504611,0.06432748538011696
504612,0.0701219512195122
504613,0.21678321678321677
504614,0.058823529411764705
504615,0.06432748538011696
504616,0.4444444444444444
504617,0.018433179723502304
504618,0.04112554112554113
504619,0.21678321678321677
504620,0.04112554112554113
504621,0.15384615384615385
504622,0.09183673469387756
504623,0.0070921985815602835
504624,0.3756345177664975
504625,0.008982035928143712
504626,0.0070921985815602835
504627,0.018433179723502304
504628,0.0701219512195122
504629,0.018433179723502304
504630,0.09183673469387756
504631,0.21678321678321677
504632,0.0070921985815602835
504633,0.0070921985815602835
504634,0.018433179723502304
504635,0.12903225806451613
504636,0.04112554112554113
504637,0.008982035928143712
504638,0.06432748538011696
504639,0.06432748538011696
504640,0.17647058823529413
504641,0.1935483870967742
504642,0.04112554112554113
504643,0.04112554112554113
504644,0.0701219512195122
504645,0.09183673469387756
504646,0.04112554112554113
504647,0.1935483870967742
504648,0.06432748538011696
504649,0.07352941176470588
504650,0.0701219512195122
504651,0.058823529411764705
504652,0.0701219512195122
504653,0.21678321678321677
504654,0.0070921985815602835
504655,0.018433179723502304
504656,0.12903225806451613
504657,0.04112554112554113
504658,0.018433179723502304
504659,0.058823529411764705
504660,0.06432748538011696
504661,0.0701219512195122
504662,0.6133333333333333
504663,0.04112554112554113
504664,0.0070921985815602835
504665,0.21678321678321677
504666,0.04112554112554113
504667,0.07352941176470588
504668,0.3333333333333333
504669,0.84
504670,0.0070921985815602835
504671,0.21678321678321677
504672,0.16842105263157894
504673,0.058823529411764705
504674,0.09183673469387756
504675,0.0070921985815602835
504676,0.039473684210526314
504677,0.04112554112554113
504678,0.6133333333333333
504679,0.06432748538011696
504680,0.6428571428571429
504681,0.039473684210526314
504682,0.04112554112554113
504683,0.12903225806451613
504684,0.16842105263157894
504685,0.16842105263157894
504686,0.008982035928143712
504687,0.30597014925373134
504688,0.039473684210526314
504689,0.018433179723502304
504690,0.8294722106106526
504691,0.0070921985815602835
504692,0.039473684210526314
504693,0.058823529411764705
504694,0.0701219512195122
504695,0.008982035928143712
504696,0.008982035928143712
504697,0.024691358024691357
504698,0.058823529411764705
504699,0.07352941176470588
504700,0.6428571428571429
504701,0.008982035928143712
504702,0.21678321678321677
504703,0.1935483870967742
504704,0.8181818181818182
504705,0.17647058823529413
504706,0.06432748538011696
504707,0.17647058823529413
504708,0.0070921985815602835
504709,0.0070921985815602835
504710,0.018433179723502304
504711,0.21678321678321677
504712,0.039473684210526314
504713,0.0701219512195122
504714,0.21678321678321677
504715,0.16842105263157894
504716,0.018433179723502304
504717,0.3756345177664975
504718,0.0070921985815602835
504719,0.039473684210526314
504720,0.12244897959183673
504721,0.039473684210526314
504722,0.06432748538011696
504723,0.07352941176470588
504724,0.018433179723502304
504725,0.0701219512195122
504726,0.024691358024691357
504727,0.6133333333333333
504728,0.0701219512195122
504729,0.008982035928143712
504730,0.06432748538011696
504731,0.058823529411764705
504732,0.31061572656742176
504733,0.0070921985815602835
504734,0.0701219512195122
504735,0.0701219512195122
504736,0.018433179723502304
504737,0.024691358024691357
504738,0.039473684210526314
504739,0.0701219512195122
504740,0.17647058823529413
504741,0.0070921985815602835
504742,0.16842105263157894
504743,0.018433179723502304
504744,0.06432748538011696
504745,0.04112554112554113
504746,0.0701219512195122
504747,0.008982035928143712
504748,0.039473684210526314
504749,0.21678321678321677
504750,0.039473684210526314
504751,0.018433179723502304
504752,0.0070921985815602835
504753,0.30597014925373134
504754,0.0701219512195122
504755,0.018433179723502304
504756,0.21678321678321677
504757,0.008982035928143712
504758,0.07352941176470588
504759,0.1935483870967742
504760,0.21621621621621623
504761,0.1935483870967742
504762,0.0701219512195122
504763,0.0701219512195122
504764,0.1702127659574468
504765,0.0070921985815602835
504766,0.018433179723502304
504767,0.0701219512195122
504768,0.0701219512195122
504769,0.07352941176470588
504770,0.008982035928143712
504771,0.30597014925373134
504772,0.008982035928143712
504773,0.07352941176470588
504774,0.06432748538011696
504775,0.018433179723502304
504776,0.17647058823529413
504777,0.12903225806451613
504778,0.0070921985815602835
504779,0.024691358024691357
504780,0.1935483870967742
504781,0.039473684210526314
504782,0.6428571428571429
504783,0.16842105263157894
504784,0.018433179723502304
504785,0.21678321678321677
504786,0.1935483870967742
504787,0.21678321678321677
504788,0.3756345177664975
504789,0.039473684210526314
504790,0.04112554112554113
504791,0.21621621621621623
504792,0.0701219512195122
504793,0.21678321678321677
504794,0.04112554112554113
504795,0.21678321678321677
504796,0.0701219512195122
504797,0.04112554112554113
504798,0.3756345177664975
504799,0.16842105263157894
504800,0.039473684210526314
504801,0.06432748538011696
504802,0.058823529411764705
504803,0.0070921985815602835
504804,0.6133333333333333
504805,0.0070921985815602835
504806,0.04112554112554113
504807,0.16842105263157894
504808,0.0070921985815602835
504809,0.04112554112554113
504810,0.018433179723502304
504811,0.21678321678321677
504812,0.008982035928143712
504813,0.04112554112554113
504814,0.07215226041001256
504815,0.039473684210526314
504816,0.0070921985815602835
504817,0.1935483870967742
504818,0.04112554112554113
504819,0.04112554112554113
504820,0.3756345177664975
504821,0.0701219512195122
504822,0.06432748538011696
504823,0.024691358024691357
504824,0.04112554112554113
504825,0.0070921985815602835
504826,0.84
504827,0.06432748538011696
504828,0.12244897959183673
504829,0.17647058823529413
504830,0.04112554112554113
504831,0.008982035928143712
504832,0.018433179723502304
504833,0.17647058823529413
504834,0.0070921985815602835
504835,0.0
504836,0.024691358024691357
504837,0.21678321678321677
504838,0.16842105263157894
504839,0.21678321678321677
504840,0.12321817116385429
504841,0.84
504842,0.018433179723502304
504843,0.018433179723502304
504844,0.0701219512195122
504845,0.018433179723502304
504846,0.008982035928143712
504847,0.16842105263157894
504848,0.07352941176470588
504849,0.039473684210526314
504850,0.04112554112554113
504851,0.058823529411764705
504852,0.018433179723502304
504853,0.0701219512195122
504854,0.21678321678321677
504855,0.1935483870967742
504856,0.008982035928143712
504857,0.6133333333333333
504858,0.008982035928143712
504859,0.1935483870967742
504860,0.06432748538011696
504861,0.04112554112554113
504862,0.1702127659574468
504863,0.21658196571356395
504864,0.008982035928143712
504865,0.008982035928143712
504866,0.09183673469387756
504867,0.058823529411764705
504868,0.09183673469387756
504869,0.008982035928143712
504870,0.30597014925373134
504871,0.3756345177664975
504872,0.0070921985815602835
504873,0.16842105263157894
504874,0.024691358024691357
504875,0.07352941176470588
504876,0.058823529411764705
504877,0.4444444444444444
504878,0.1935483870967742
504879,0.30597014925373134
504880,0.04112554112554113
504881,0.6428571428571429
504882,0.06432748538011696
504883,0.06432748538011696
504884,0.018433179723502304
504885,0.4444444444444444
504886,0.6133333333333333
504887,0.17647058823529413
504888,0.1702127659574468
504889,0.008982035928143712
504890,0.0
504891,0.6666666666666666
504892,0.04112554112554113
504893,0.039473684210526314
504894,0.30597014925373134
504895,0.12903225806451613
504896,0.06432748538011696
504897,0.039473684210526314
504898,0.0701219512195122
504899,0.07352941176470588
504900,0.30597014925373134
504901,0.06432748538011696
504902,0.039473684210526314
504903,0.07352941176470588
504904,0.1702127659574468
504905,0.04112554112554113
504906,0.018433179723502304
504907,0.09183673469387756
504908,0.039473684210526314
504909,0.21678321678321677
504910,0.3756345177664975
504911,0.6428571428571429
504912,0.06432748538011696
504913,0.0701219512195122
504914,0.21621621621621623
504915,0.17647058823529413
504916,0.6666666666666666
504917,0.21621621621621623
504918,0.3756345177664975
504919,0.21678321678321677
504920,0.12903225806451613
504921,0.21678321678321677
504922,0.018433179723502304
504923,0.06432748538011696
504924,0.008982035928143712
504925,0.008982035928143712
504926,0.16842105263157894
504927,0.039473684210526314
504928,0.04112554112554113
504929,0.008982035928143712
504930,0.6428571428571429
504931,0.04112554112554113
504932,0.04112554112554113
504933,0.039473684210526314
504934,0.1935483870967742
504935,0.609119365774167
504936,0.008982035928143712
504937,0.21678321678321677
504938,0.1702127659574468
504939,0.04112554112554113
504940,0.06432748538011696
504941,0.039473684210526314
504942,0.0701219512195122
504943,0.008982035928143712
504944,0.039473684210526314
504945,0.04112554112554113
504946,0.30597014925373134
504947,0.008982035928143712
504948,0.21621621621621623
504949,0.3756345177664975
504950,0.024691358024691357
504951,0.018433179723502304
504952,0.6
504953,0.039473684210526314
504954,0.039473684210526314
504955,0.1702127659574468
504956,0.17647058823529413
504957,0.12903225806451613
504958,0.058823529411764705
504959,0.058823529411764705
504960,0.21621621621621623
504961,1.0
504962,0.04112554112554113
504963,0.04112554112554113
504964,0.0701219512195122
504965,0.0701219512195122
504966,0.024691358024691357
504967,0.6133333333333333
504968,0.018433179723502304
504969,0.018433179723502304
504970,0.0070921985815602835
504971,0.1935483870967742
504972,0.04112554112554113
504973,0.3756345177664975
504974,0.04112554112554113
504975,0.018433179723502304
504976,0.0701219512195122
504977,0.0701219512195122
504978,0.0701219512195122
504979,0.018433179723502304
504980,0.058823529411764705
504981,0.30597014925373134
504982,0.0070921985815602835
504983,0.21678321678321677
504984,0.04112554112554113
504985,0.04112554112554113
504986,0.04112554112554113
504987,0.058823529411764705
504988,0.07352941176470588
504989,0.17647058823529413
504990,0.018433179723502304
504991,0.018433179723502304
504992,0.018433179723502304
504993,0.30597014925373134
504994,0.3333333333333333
504995,0.6133333333333333
504996,0.15384615384615385
504997,0.21678321678321677
504998,0.3756345177664975
504999,0.018433179723502304
505000,0.21678321678321677
505001,0.3756345177664975
505002,0.018433179723502304
505003,0.06432748538011696
505004,0.6666666666666666
505005,0.0070921985815602835
505006,0.039473684210526314
505007,0.6428571428571429
505008,0.039473684210526314
505009,0.12244897959183673
505010,0.06432748538011696
505011,0.21621621621621623
505012,0.06432748538011696
505013,0.018433179723502304
505014,0.018433179723502304
505015,0.008982035928143712
505016,0.1935483870967742
505017,0.04112554112554113
505018,0.04112554112554113
505019,0.07352941176470588
505020,0.04112554112554113
505021,0.4444444444444444
505022,0.07352941176470588
505023,0.008982035928143712
505024,0.008982035928143712
505025,0.16842105263157894
505026,0.008982035928143712
505027,0.6428571428571429
505028,0.06432748538011696
505029,0.018433179723502304
505030,0.12903225806451613
505031,0.84
505032,0.039473684210526314
505033,0.3756345177664975
505034,0.058823529411764705
505035,0.3210342879313431
505036,0.21678321678321677
505037,0.21678321678321677
505038,0.1935483870967742
505039,0.058823529411764705
505040,0.06432748538011696
505041,0.04112554112554113
505042,0.07352941176470588
505043,0.039473684210526314
505044,0.018433179723502304
505045,0.4444444444444444
505046,0.3756345177664975
505047,0.6133333333333333
505048,0.07352941176470588
505049,0.1935483870967742
505050,0.04112554112554113
505051,0.018433179723502304
505052,1.0
505053,0.6428571428571429
505054,0.018433179723502304
505055,0.6133333333333333
505056,0.07352941176470588
505057,0.0701219512195122
505058,0.0070921985815602835
505059,0.039473684210526314
505060,0.21678321678321677
505061,0.0701219512195122
505062,0.018433179723502304
505063,0.04112554112554113
505064,0.0
505065,0.0701219512195122
505066,0.039473684210526314
505067,0.06432748538011696
505068,0.06432748538011696
505069,0.21678321678321677
505070,0.4444444444444444
505071,0.12903225806451613
505072,0.0070921985815602835
505073,0.0070921985815602835
505074,0.04112554112554113
505075,0.04112554112554113
505076,0.3756345177664975
505077,0.0701219512195122
505078,0.07352941176470588
505079,0.04112554112554113
505080,0.058823529411764705
505081,0.008982035928143712
505082,0.018433179723502304
505083,0.3756345177664975
505084,0.058823529411764705
505085,0.039473684210526314
505086,0.018433179723502304
505087,0.0
505088,0.0701219512195122
505089,0.04112554112554113
505090,0.024691358024691357
505091,0.6133333333333333
505092,0.6133333333333333
505093,0.039473684210526314
505094,0.0701219512195122
505095,0.16842105263157894
505096,0.07352941176470588
505097,0.04112554112554113
505098,0.024691358024691357
505099,0.024691358024691357
505100,0.0701219512195122
505101,0.16842105263157894
505102,0.04112554112554113
505103,0.008982035928143712
505104,0.07352941176470588
505105,0.3756345177664975
505106,0.024691358024691357
505107,0.0701219512195122
505108,0.6133333333333333
505109,0.1935483870967742
505110,0.21621621621621623
505111,0.024691358024691357
505112,0.17647058823529413
505113,0.1702127659574468
505114,0.3333333333333333
505115,0.0070921985815602835
505116,0.0701219512195122
505117,0.17647058823529413
505118,0.06432748538011696
505119,0.058823529411764705
505120,0.21621621621621623
505121,0.09183673469387756
505122,0.0070921985815602835
505123,0.3333333333333333
505124,0.1935483870967742
505125,0.06432748538011696
505126,0.008982035928143712
505127,0.21678321678321677
505128,0.07352941176470588
505129,0.8181818181818182
505130,0.04112554112554113
505131,0.04112554112554113
505132,0.0070921985815602835
505133,0.3756345177664975
505134,0.6428571428571429
505135,0.04112554112554113
505136,0.5882352941176471
505137,0.039473684210526314
505138,0.008982035928143712
505139,0.04112554112554113
505140,0.06432748538011696
505141,0.008982035928143712
505142,0.008982035928143712
505143,0.3756345177664975
505144,0.12903225806451613
505145,0.058823529411764705
505146,0.21678321678321677
505147,0.84
505148,0.07352941176470588
505149,0.0701219512195122
505150,0.04112554112554113
505151,0.039473684210526314
505152,0.039473684210526314
505153,0.0070921985815602835
505154,0.018433179723502304
505155,0.018433179723502304
505156,0.12903225806451613
505157,0.12244897959183673
505158,0.12903225806451613
505159,0.04112554112554113
505160,0.018433179723502304
505161,0.018433179723502304
505162,0.04112554112554113
505163,0.024691358024691357
505164,0.07352941176470588
505165,0.04112554112554113
505166,0.06432748538011696
505167,0.04112554112554113
505168,0.039473684210526314
505169,0.0701219512195122
505170,0.07352941176470588
505171,0.018433179723502304
505172,0.039473684210526314
505173,0.04112554112554113
505174,0.16842105263157894
505175,0.4444444444444444
505176,0.17647058823529413
505177,0.039473684210526314
505178,0.1935483870967742
505179,0.018433179723502304
505180,0.018433179723502304
505181,0.0701219512195122
505182,0.06432748538011696
505183,0.008982035928143712
505184,0.039473684210526314
505185,0.21621621621621623
505186,0.21678321678321677
505187,0.039473684210526314
505188,0.008982035928143712
505189,0.058823529411764705
505190,0.06432748538011696
505191,0.04112554112554113
505192,0.1935483870967742
505193,0.04112554112554113
505194,0.04112554112554113
505195,0.039473684210526314
505196,0.1702127659574468
505197,0.21678321678321677
505198,0.17647058823529413
505199,0.1111111111111111
505200,0.039473684210526314
505201,0.039473684210526314
505202,0.17647058823529413
505203,0.6133333333333333
505204,0.018433179723502304
505205,0.16842105263157894
505206,0.04112554112554113
505207,0.0070921985815602835
505208,0.16842105263157894
505209,0.008982035928143712
505210,0.018433179723502304
505211,0.024691358024691357
505212,0.018433179723502304
505213,0.008982035928143712
505214,0.8181818181818182
505215,0.21678321678321677
505216,0.008982035928143712
505217,0.06432748538011696
505218,0.058823529411764705
505219,0.0701219512195122
505220,0.018433179723502304
505221,0.3756345177664975
505222,0.17647058823529413
505223,0.018433179723502304
505224,0.018433179723502304
505225,0.3333333333333333
505226,0.07352941176470588
505227,0.16842105263157894
505228,0.04112554112554113
505229,0.1935483870967742
505230,0.039473684210526314
505231,0.0
505232,0.018433179723502304
505233,0.008982035928143712
505234,0.21678321678321677
505235,0.0701219512195122
505236,0.06432748538011696
505237,0.3756345177664975
505238,0.07352941176470588
505239,0.0701219512195122
505240,0.0070921985815602835
505241,0.21621621621621623
505242,0.0701219512195122
505243,0.0701219512195122
505244,0.07352941176470588
505245,0.16842105263157894
505246,0.07352941176470588
505247,0.024691358024691357
505248,0.6428571428571429
505249,0.6133333333333333
505250,0.17647058823529413
505251,0.1935483870967742
505252,0.0701219512195122
505253,0.12903225806451613
505254,0.039473684210526314
505255,0.07352941176470588
505256,0.0701219512195122
505257,0.1702127659574468
505258,0.16842105263157894
505259,0.018433179723502304
505260,0.3756345177664975
505261,0.018433179723502304
505262,0.0
505263,0.16842105263157894
505264,0.04112554112554113
505265,0.21678321678321677
505266,0.1935483870967742
505267,0.5
505268,0.008982035928143712
505269,0.3756345177664975
505270,0.018433179723502304
505271,0.008982035928143712
505272,0.018433179723502304
505273,0.024691358024691357
505274,0.07352941176470588
505275,0.07352941176470588
505276,0.06432748538011696
505277,0.6428571428571429
505278,0.07352941176470588
505279,0.06432748538011696
505280,0.3756345177664975
505281,0.0701219512195122
505282,0.16842105263157894
505283,0.039473684210526314
505284,0.0701219512195122
505285,0.018433179723502304
505286,0.04112554112554113
505287,0.3756345177664975
505288,0.008982035928143712
505289,0.024691358024691357
505290,0.0701219512195122
505291,0.07352941176470588
505292,0.1111111111111111
505293,0.04112554112554113
505294,0.0701219512195122
505295,0.024691358024691357
505296,0.21678321678321677
505297,0.039473684210526314
505298,0.018433179723502304
505299,0.06432748538011696
505300,0.018433179723502304
505301,0.15384615384615385
505302,0.5
505303,0.04112554112554113
505304,0.21678321678321677
505305,0.0701219512195122
505306,0.4444444444444444
505307,0.21621621621621623
505308,0.16842105263157894
505309,0.0070921985815602835
505310,0.1935483870967742
505311,0.04112554112554113
505312,0.3756345177664975
505313,0.06432748538011696
505314,0.3756345177664975
505315,0.024691358024691357
505316,0.018433179723502304
505317,0.04112554112554113
505318,0.0070921985815602835
505319,0.0701219512195122
505320,0.6133333333333333
505321,0.17647058823529413
505322,0.30597014925373134
505323,0.04112554112554113
505324,0.008982035928143712
505325,0.21621621621621623
505326,0.04112554112554113
505327,0.1935483870967742
505328,0.07352941176470588
505329,0.0070921985815602835
505330,0.12903225806451613
505331,0.018433179723502304
505332,0.039473684210526314
505333,0.6133333333333333
505334,0.0070921985815602835
505335,0.04112554112554113
505336,0.008982035928143712
505337,0.3756345177664975
505338,0.12903225806451613
505339,0.8181818181818182
505340,0.12244897959183673
505341,0.018433179723502304
505342,0.6428571428571429
505343,0.6133333333333333
505344,0.018433179723502304
505345,0.1935483870967742
505346,0.0
505347,0.12903225806451613
505348,0.1702127659574468
505349,0.039473684210526314
505350,0.024691358024691357
505351,0.16842105263157894
505352,0.018433179723502304
505353,0.04112554112554113
505354,0.21678321678321677
505355,0.1702127659574468
505356,0.3756345177664975
505357,0.17647058823529413
505358,0.039473684210526314
505359,0.058823529411764705
505360,0.3756345177664975
505361,0.018433179723502304
505362,0.07352941176470588
505363,0.07352941176470588
505364,0.30597014925373134
505365,1.0
505366,0.039473684210526314
505367,0.6428571428571429
505368,0.21678321678321677
505369,0.018433179723502304
505370,0.21678321678321677
505371,0.07352941176470588
505372,0.04112554112554113
505373,0.0701219512195122
505374,0.039473684210526314
505375,0.06432748538011696
505376,0.0070921985815602835
505377,0.04112554112554113
505378,0.008982035928143712
505379,0.0070921985815602835
505380,0.018433179723502304
505381,0.024691358024691357
505382,0.21678321678321677
505383,0.4444444444444444
505384,0.1935483870967742
505385,0.21621621621621623
505386,0.21621621621621623
505387,0.16842105263157894
505388,0.17647058823529413
505389,0.04112554112554113
505390,0.30597014925373134
505391,0.04112554112554113
505392,0.018433179723502304
505393,0.84
505394,0.07352941176470588
505395,0.04112554112554113
505396,0.04112554112554113
505397,0.07352941176470588
505398,0.06432748538011696
505399,0.058823529411764705
505400,0.07352941176470588
505401,0.09183673469387756
505402,0.5882352941176471
505403,0.0070921985815602835
505404,0.16842105263157894
505405,0.008982035928143712
505406,0.0
505407,0.3756345177664975
505408,0.07352941176470588
505409,0.09183673469387756
505410,0.0070921985815602835
505411,0.16842105263157894
505412,0.024691358024691357
505413,0.018433179723502304
505414,0.0701219512195122
505415,0.008982035928143712
505416,0.09183673469387756
505417,0.018433179723502304
505418,0.07352941176470588
505419,0.04112554112554113
505420,0.058823529411764705
505421,0.3756345177664975
505422,0.21678321678321677
505423,0.018433179723502304
505424,0.8181818181818182
505425,0.3756345177664975
505426,0.6666666666666666
505427,0.6133333333333333
505428,0.6428571428571429
505429,0.039473684210526314
505430,0.6133333333333333
505431,0.008982035928143712
505432,0.018433179723502304
505433,0.15384615384615385
505434,0.1935483870967742
505435,0.3756345177664975
505436,0.6133333333333333
505437,0.09183673469387756
505438,0.21678321678321677
505439,0.12244897959183673
505440,0.018433179723502304
505441,0.21678321678321677
505442,0.039473684210526314
505443,0.0701219512195122
505444,0.07352941176470588
505445,0.06432748538011696
505446,0.4444444444444444
505447,0.039473684210526314
505448,0.21678321678321677
505449,0.21678321678321677
505450,0.0701219512195122
505451,0.06432748538011696
505452,0.6133333333333333
505453,0.0070921985815602835
505454,0.0
505455,0.04112554112554113
505456,0.3756345177664975
505457,0.024691358024691357
505458,0.04112554112554113
505459,0.06432748538011696
505460,0.21678321678321677
505461,0.008982035928143712
505462,0.04112554112554113
505463,0.058823529411764705
505464,0.0701219512195122
505465,0.1935483870967742
505466,0.12903225806451613
505467,0.16842105263157894
505468,0.0070921985815602835
505469,0.0
505470,0.04112554112554113
505471,0.12903225806451613
505472,0.0701219512195122
505473,0.0701219512195122
505474,0.018433179723502304
505475,0.04112554112554113
505476,0.0070921985815602835
505477,0.039473684210526314
505478,0.3756345177664975
505479,0.018433179723502304
505480,0.06432748538011696
505481,0.0701219512195122
505482,0.008982035928143712
505483,0.04112554112554113
505484,0.024691358024691357
505485,0.058823529411764705
505486,0.06432748538011696
505487,0.0070921985815602835
505488,0.09183673469387756
505489,0.0070921985815602835
505490,0.5882352941176471
505491,0.039473684210526314
505492,0.06432748538011696
505493,0.16842105263157894
505494,0.32108389324583275
505495,0.17647058823529413
505496,0.039473684210526314
505497,0.3333333333333333
505498,0.0701219512195122
505499,0.018433179723502304
505500,0.0
505501,0.039473684210526314
505502,0.8181818181818182
505503,0.008982035928143712
505504,0.018433179723502304
505505,0.07352941176470588
505506,0.06432748538011696
505507,0.3756345177664975
505508,0.04112554112554113
505509,0.16842105263157894
505510,0.06432748538011696
505511,0.058823529411764705
505512,0.039473684210526314
505513,0.0070921985815602835
505514,0.0070921985815602835
505515,0.3756345177664975
505516,0.07352941176470588
505517,0.0701219512195122
505518,0.3756345177664975
505519,0.1935483870967742
505520,0.12903225806451613
505521,0.21678321678321677
505522,0.018433179723502304
505523,0.09183673469387756
505524,0.04112554112554113
505525,0.1935483870967742
505526,0.0070921985815602835
505527,0.6133333333333333
505528,0.0070921985815602835
505529,0.0701219512195122
505530,0.04112554112554113
505531,0.1702127659574468
505532,0.039473684210526314
505533,0.0
505534,0.0701219512195122
505535,0.058823529411764705
505536,0.0070921985815602835
505537,0.3756345177664975
505538,0.3756345177664975
505539,0.21678321678321677
505540,0.04112554112554113
505541,0.039473684210526314
505542,0.04112554112554113
505543,0.30597014925373134
505544,0.06432748538011696
505545,0.024691358024691357
505546,0.04112554112554113
505547,0.018433179723502304
505548,0.04112554112554113
505549,0.018433179723502304
505550,0.38461538461538464
505551,0.04112554112554113
505552,0.17647058823529413
505553,0.3756345177664975
505554,0.018433179723502304
505555,0.15384615384615385
505556,0.0
505557,0.07352941176470588
505558,0.1111111111111111
505559,0.30597014925373134
505560,0.0
505561,0.04112554112554113
505562,0.1935483870967742
505563,0.0
505564,0.008982035928143712
505565,0.6133333333333333
505566,0.3756345177664975
505567,0.0
505568,0.5882352941176471
505569,0.5714285714285714
505570,0.039473684210526314
505571,0.008982035928143712
505572,0.07352941176470588
505573,0.3333333333333333
505574,0.058823529411764705
505575,0.058823529411764705
505576,0.06432748538011696
505577,0.17647058823529413
505578,0.09183673469387756
505579,0.6428571428571429
505580,0.0701219512195122
505581,0.06432748538011696
505582,0.07352941176470588
505583,0.21678321678321677
505584,0.04112554112554113
505585,0.04112554112554113
505586,0.04112554112554113
505587,0.6428571428571429
505588,0.018433179723502304
505589,0.0070921985815602835
505590,0.018433179723502304
505591,0.17647058823529413
505592,0.04112554112554113
505593,0.3756345177664975
505594,0.3756345177664975
505595,0.0070921985815602835
505596,0.21678321678321677
505597,0.06432748538011696
505598,0.058823529411764705
505599,0.17647058823529413
505600,0.3756345177664975
505601,0.018433179723502304
505602,0.30597014925373134
505603,0.0701219512195122
505604,0.5882352941176471
505605,0.058823529411764705
505606,0.06432748538011696
505607,0.0070921985815602835
505608,0.0701219512195122
505609,0.06432748538011696
505610,0.04112554112554113
505611,0.04112554112554113
505612,0.0
505613,0.21678321678321677
505614,0.1935483870967742
505615,0.6133333333333333
505616,0.3756345177664975
505617,0.04112554112554113
505618,0.12244897959183673
505619,0.07352941176470588
505620,0.1935483870967742
505621,0.4444444444444444
505622,0.018433179723502304
505623,0.008982035928143712
505624,0.16842105263157894
505625,0.018433179723502304
505626,0.0070921985815602835
505627,0.04112554112554113
505628,0.04112554112554113
505629,0.008982035928143712
505630,0.018433179723502304
505631,0.039473684210526314
505632,0.07352941176470588
505633,0.0701219512195122
505634,0.0701219512195122
505635,0.16842105263157894
505636,0.04112554112554113
505637,0.0701219512195122
505638,0.07352941176470588
505639,0.12244897959183673
505640,0.06432748538011696
505641,0.04112554112554113
505642,0.058823529411764705
505643,0.058823529411764705
505644,0.15384615384615385
505645,0.3756345177664975
505646,0.0070921985815602835
505647,0.0701219512195122
505648,0.008982035928143712
505649,0.07352941176470588
505650,0.0070921985815602835
505651,0.018433179723502304
505652,0.21678321678321677
505653,0.21678321678321677
505654,0.09183673469387756
505655,0.018433179723502304
505656,0.06432748538011696
505657,0.04112554112554113
505658,0.008982035928143712
505659,0.07352941176470588
505660,0.039473684210526314
505661,0.0
505662,0.30597014925373134
505663,0.21678321678321677
505664,0.04112554112554113
505665,0.12903225806451613
505666,0.018433179723502304
505667,0.0070921985815602835
505668,0.0070921985815602835
505669,0.04112554112554113
505670,0.21678321678321677
505671,0.21621621621621623
505672,0.024691358024691357
505673,0.6133333333333333
505674,0.12903225806451613
505675,0.12903225806451613
505676,0.0
505677,0.0
505678,0.4444444444444444
505679,0.008982035928143712
505680,0.3756345177664975
505681,0.04112554112554113
505682,0.06432748538011696
505683,0.04112554112554113
505684,0.04112554112554113
505685,0.018433179723502304
505686,0.039473684210526314
505687,0.16842105263157894
505688,0.058823529411764705
505689,0.018433179723502304
505690,0.008982035928143712
505691,0.0701219512195122
505692,0.008982035928143712
505693,0.6133333333333333
505694,0.09183673469387756
505695,0.04112554112554113
505696,0.09183673469387756
505697,0.3756345177664975
505698,0.0070921985815602835
505699,0.21678321678321677
505700,0.6
505701,0.21621621621621623
505702,0.16842105263157894
505703,0.12244897959183673
505704,0.008982035928143712
505705,0.3756345177664975
505706,0.1935483870967742
505707,0.6133333333333333
505708,0.3756345177664975
505709,0.6133333333333333
505710,0.4444444444444444
505711,0.0070921985815602835
505712,0.008982035928143712
505713,0.04112554112554113
505714,0.0701219512195122
505715,0.0701219512195122
505716,0.018433179723502304
505717,0.0070921985815602835
505718,0.04112554112554113
505719,0.12903225806451613
505720,0.1935483870967742
505721,0.018433179723502304
505722,0.1935483870967742
505723,0.06432748538011696
505724,0.04112554112554113
505725,0.16842105263157894
505726,0.008982035928143712
505727,0.5882352941176471
505728,0.0701219512195122
505729,0.06432748538011696
505730,0.06432748538011696
505731,0.018433179723502304
505732,0.0070921985815602835
505733,0.008982035928143712
505734,0.30597014925373134
505735,0.0
505736,0.03335333389153933
505737,0.12244897959183673
505738,0.07352941176470588
505739,0.06432748538011696
505740,0.04112554112554113
505741,0.6133333333333333
505742,0.21678321678321677
505743,0.6428571428571429
505744,0.024691358024691357
505745,0.6133333333333333
505746,0.018433179723502304
505747,0.07352941176470588
505748,0.1702127659574468
505749,0.008982035928143712
505750,0.04112554112554113
505751,0.018433179723502304
505752,0.16842105263157894
505753,0.024691358024691357
505754,0.04112554112554113
505755,0.008982035928143712
505756,0.0701219512195122
505757,0.3756345177664975
505758,0.018433179723502304
505759,0.04112554112554113
505760,0.06432748538011696
505761,0.1935483870967742
505762,0.008982035928143712
505763,0.17647058823529413
505764,0.024691358024691357
505765,0.17647058823529413
505766,0.0070921985815602835
505767,0.09183673469387756
505768,0.38461538461538464
505769,0.6428571428571429
505770,0.04112554112554113
505771,0.04112554112554113
505772,0.30597014925373134
505773,0.6428571428571429
505774,0.018433179723502304
505775,0.21678321678321677
505776,0.12244897959183673
505777,0.018433179723502304
505778,0.04112554112554113
505779,0.1935483870967742
505780,0.1702127659574468
505781,0.0701219512195122
505782,0.039473684210526314
505783,0.6133333333333333
505784,0.039473684210526314
505785,0.06432748538011696
505786,0.1935483870967742
505787,0.07352941176470588
505788,0.0701219512195122
505789,0.6428571428571429
505790,0.21678321678321677
505791,0.4444444444444444
505792,0.21678321678321677
505793,0.30597014925373134
505794,0.0
505795,0.1111111111111111
505796,0.039473684210526314
505797,0.008982035928143712
505798,0.058823529411764705
505799,0.018433179723502304
505800,0.1935483870967742
505801,0.024691358024691357
505802,0.06432748538011696
505803,0.17647058823529413
505804,0.12903225806451613
505805,0.04112554112554113
505806,0.018433179723502304
505807,0.30597014925373134
505808,0.018433179723502304
505809,0.6133333333333333
505810,0.21678321678321677
505811,0.17647058823529413
505812,0.0701219512195122
505813,0.07352941176470588
505814,0.1935483870967742
505815,0.12903225806451613
505816,0.039473684210526314
505817,0.07352941176470588
505818,0.04112554112554113
505819,0.04112554112554113
505820,0.12244897959183673
505821,0.024691358024691357
505822,0.039473684210526314
505823,0.6428571428571429
505824,0.04112554112554113
505825,0.04112554112554113
505826,0.04112554112554113
505827,0.16842105263157894
505828,0.018433179723502304
505829,0.8181818181818182
505830,0.1935483870967742
505831,0.039473684210526314
505832,0.0701219512195122
505833,0.0701219512195122
505834,0.018433179723502304
505835,0.07352941176470588
505836,0.12903225806451613
505837,0.0701219512195122
505838,0.0070921985815602835
505839,0.058823529411764705
505840,0.0701219512195122
505841,0.21678321678321677
505842,0.04112554112554113
505843,0.16842105263157894
505844,0.04112554112554113
505845,0.07352941176470588
505846,0.07352941176470588
505847,0.024691358024691357
505848,0.6133333333333333
505849,0.058823529411764705
505850,0.07352941176470588
505851,0.1935483870967742
505852,0.15384615384615385
505853,0.04112554112554113
505854,0.018433179723502304
505855,0.1702127659574468
505856,0.008982035928143712
505857,0.16842105263157894
505858,0.3756345177664975
505859,0.12903225806451613
505860,0.018433179723502304
505861,0.15384615384615385
505862,0.17647058823529413
505863,0.0070921985815602835
505864,0.008982035928143712
505865,0.008982035928143712
505866,0.30597014925373134
505867,0.3756345177664975
505868,0.04112554112554113
505869,0.058823529411764705
505870,0.008982035928143712
505871,0.06432748538011696
505872,0.84
505873,0.018433179723502304
505874,0.0070921985815602835
505875,0.0070921985815602835
505876,0.06432748538011696
505877,0.12903225806451613
505878,0.30597014925373134
505879,0.09183673469387756
505880,0.018433179723502304
505881,0.04112554112554113
505882,0.0701219512195122
505883,0.07352941176470588
505884,0.21678321678321677
505885,0.16842105263157894
505886,0.008982035928143712
505887,0.21678321678321677
505888,0.07352941176470588
505889,0.21678321678321677
505890,0.058823529411764705
505891,0.84
505892,0.12903225806451613
505893,0.12903225806451613
505894,0.008982035928143712
505895,0.17647058823529413
505896,0.07352941176470588
505897,0.018433179723502304
505898,0.058823529411764705
505899,0.30597014925373134
505900,0.008982035928143712
505901,0.30597014925373134
505902,0.1111111111111111
505903,0.21621621621621623
505904,0.09183673469387756
505905,0.15384615384615385
505906,0.024691358024691357
505907,0.21678321678321677
505908,0.21678321678321677
505909,0.30597014925373134
505910,0.039473684210526314
505911,0.17647058823529413
505912,0.6133333333333333
505913,0.0
505914,0.04112554112554113
505915,0.018433179723502304
505916,0.008982035928143712
505917,0.06432748538011696
505918,0.17647058823529413
505919,0.0
505920,0.07352941176470588
505921,0.039473684210526314
505922,0.039473684210526314
505923,0.4444444444444444
505924,0.04112554112554113
505925,0.018433179723502304
505926,0.04112554112554113
505927,0.024691358024691357
505928,0.21678321678321677
505929,0.018433179723502304
505930,0.018433179723502304
505931,0.039473684210526314
505932,0.0070921985815602835
505933,0.06432748538011696
505934,0.38461538461538464
505935,0.3756345177664975
505936,0.21621621621621623
505937,0.3756345177664975
505938,0.018433179723502304
505939,0.0070921985815602835
505940,0.018433179723502304
505941,0.018433179723502304
505942,0.16842105263157894
505943,0.6428571428571429
505944,0.0070921985815602835
505945,0.04112554112554113
505946,0.0070921985815602835
505947,0.17647058823529413
505948,0.04112554112554113
505949,0.518347982374929
505950,0.30597014925373134
505951,0.0070921985815602835
505952,0.018433179723502304
505953,0.008982035928143712
505954,0.3756345177664975
505955,0.008982035928143712
505956,0.5882352941176471
505957,0.0701219512195122
505958,0.07352941176470588
505959,0.018433179723502304
505960,0.008982035928143712
505961,0.21678321678321677
505962,0.04112554112554113
505963,0.84
505964,0.06432748538011696
505965,0.039473684210526314
505966,0.3756345177664975
505967,0.039473684210526314
505968,0.30597014925373134
505969,0.018433179723502304
505970,0.06432748538011696
505971,0.04112554112554113
505972,0.12903225806451613
505973,0.0701219512195122
505974,0.07352941176470588
505975,0.04112554112554113
505976,0.018433179723502304
505977,0.07352941176470588
505978,0.17647058823529413
505979,0.3756345177664975
505980,0.30597014925373134
505981,0.07352941176470588
505982,0.008982035928143712
505983,0.008982035928143712
505984,0.15384615384615385
505985,0.008982035928143712
505986,0.018433179723502304
505987,0.039473684210526314
505988,0.058823529411764705
505989,0.008982035928143712
505990,0.0070921985815602835
505991,0.09183673469387756
505992,0.04112554112554113
505993,0.17647058823529413
505994,0.6428571428571429
505995,0.0070921985815602835
505996,0.16842105263157894
505997,0.12903225806451613
505998,0.07352941176470588
505999,0.039473684210526314
506000,0.0701219512195122
506001,0.09183673469387756
506002,0.008982035928143712
506003,0.0701219512195122
506004,0.84
506005,0.008982035928143712
506006,0.3756345177664975
506007,0.04112554112554113
506008,0.024691358024691357
506009,0.21621621621621623
506010,0.024691358024691357
506011,0.30597014925373134
506012,0.0
506013,0.16842105263157894
506014,0.1702127659574468
506015,0.0701219512195122
506016,0.018433179723502304
506017,0.0701219512195122
506018,0.84
506019,0.008982035928143712
506020,0.039473684210526314
506021,0.21678321678321677
506022,0.0070921985815602835
506023,0.16842105263157894
506024,0.3756345177664975
506025,0.0701219512195122
506026,0.5879903474251774
506027,0.04112554112554113
506028,0.16842105263157894
506029,0.04112554112554113
506030,0.16842105263157894
506031,0.17647058823529413
506032,0.1935483870967742
506033,0.12244897959183673
506034,0.06432748538011696
506035,0.07352941176470588
506036,0.04112554112554113
506037,0.3756345177664975
506038,0.4444444444444444
506039,0.1935483870967742
506040,0.04112554112554113
506041,0.0070921985815602835
506042,0.3756345177664975
506043,0.0070921985815602835
506044,0.21678321678321677
506045,0.21621621621621623
506046,0.039473684210526314
506047,0.0701219512195122
506048,0.039473684210526314
506049,0.018433179723502304
506050,0.04112554112554113
506051,0.12903225806451613
506052,0.039473684210526314
506053,0.039473684210526314
506054,0.008982035928143712
506055,0.17647058823529413
506056,0.21621621621621623
506057,0.07352941176470588
506058,0.018433179723502304
506059,0.024691358024691357
506060,0.0070921985815602835
506061,0.5882352941176471
506062,0.12903225806451613
506063,0.018433179723502304
506064,0.1702127659574468
506065,0.30597014925373134
506066,0.3756345177664975
506067,0.008982035928143712
506068,0.058823529411764705
506069,0.039473684210526314
506070,0.06432748538011696
506071,0.0701219512195122
506072,0.3756345177664975
506073,0.1935483870967742
506074,0.058823529411764705
506075,0.12244897959183673
506076,0.12903225806451613
506077,0.0701219512195122
506078,0.0070921985815602835
506079,0.38461538461538464
506080,0.16842105263157894
506081,0.07352941176470588
506082,0.0
506083,0.0701219512195122
506084,0.0070921985815602835
506085,0.21678321678321677
506086,0.0701219512195122
506087,0.1935483870967742
506088,0.024691358024691357
506089,0.07352941176470588
506090,0.21678321678321677
506091,0.12244897959183673
506092,0.04112554112554113
506093,0.6133333333333333
506094,0.024691358024691357
506095,0.06432748538011696
506096,0.04112554112554113
506097,0.21678321678321677
506098,0.1935483870967742
506099,0.8181818181818182
506100,0.06432748538011696
506101,0.07352941176470588
506102,0.0070921985815602835
506103,0.3756345177664975
506104,0.3756345177664975
506105,0.039473684210526314
506106,0.04112554112554113
506107,0.6666666666666666
506108,0.018433179723502304
506109,0.008982035928143712
506110,0.04112554112554113
506111,0.21678321678321677
506112,0.024691358024691357
506113,0.07352941176470588
506114,0.1935483870967742
506115,0.0
506116,0.06432748538011696
506117,0.17647058823529413
506118,0.30597014925373134
506119,0.04112554112554113
506120,0.039473684210526314
506121,0.4444444444444444
506122,0.16842105263157894
506123,0.17647058823529413
506124,0.06432748538011696
506125,0.06432748538011696
506126,0.04112554112554113
506127,0.06432748538011696
506128,0.04112554112554113
506129,0.30597014925373134
506130,0.024691358024691357
506131,0.04112554112554113
506132,0.018433179723502304
506133,0.06432748538011696
506134,0.018433179723502304
506135,0.018433179723502304
506136,0.0701219512195122
506137,0.07352941176470588
506138,0.16842105263157894
506139,0.1935483870967742
506140,0.039473684210526314
506141,0.09183673469387756
506142,0.018433179723502304
506143,0.4444444444444444
506144,0.09183673469387756
506145,0.12903225806451613
506146,0.3756345177664975
506147,0.0701219512195122
506148,0.1935483870967742
506149,0.0701219512195122
506150,0.09183673469387756
506151,0.0070921985815602835
506152,0.008982035928143712
506153,0.3756345177664975
506154,0.1935483870967742
506155,0.024691358024691357
506156,0.06432748538011696
506157,0.008982035928143712
506158,0.3756345177664975
506159,0.058823529411764705
506160,0.21678321678321677
506161,0.1935483870967742
506162,0.018433179723502304
506163,0.0070921985815602835
506164,0.07352941176470588
506165,0.0701219512195122
506166,0.058823529411764705
506167,0.024691358024691357
506168,0.058823529411764705
506169,0.0701219512195122
506170,0.06432748538011696
506171,0.039473684210526314
506172,0.039473684210526314
506173,0.0701219512195122
506174,0.17647058823529413
506175,0.04112554112554113
506176,0.0701219512195122
506177,0.17647058823529413
506178,0.008982035928143712
506179,0.008982035928143712
506180,0.018433179723502304
506181,0.84
506182,0.21678321678321677
506183,0.008982035928143712
506184,0.16842105263157894
506185,0.04112554112554113
506186,0.0701219512195122
506187,0.0
506188,0.1935483870967742
506189,0.12903225806451613
506190,0.008982035928143712
506191,0.0701219512195122
506192,0.09183673469387756
506193,0.07352941176470588
506194,0.16842105263157894
506195,0.0701219512195122
506196,0.3756345177664975
506197,0.16842105263157894
506198,0.039473684210526314
506199,0.30597014925373134
506200,0.21678321678321677
506201,0.008982035928143712
506202,0.018433179723502304
506203,0.04112554112554113
506204,0.07352941176470588
506205,0.008982035928143712
506206,0.0701219512195122
506207,0.039473684210526314
506208,0.04112554112554113
506209,0.3756345177664975
506210,0.0701219512195122
506211,0.018433179723502304
506212,0.008982035928143712
506213,0.6428571428571429
506214,0.018433179723502304
506215,0.3756345177664975
506216,0.04112554112554113
506217,0.04112554112554113
506218,0.018433179723502304
506219,0.17647058823529413
506220,0.04112554112554113
506221,0.008982035928143712
506222,0.12903225806451613
506223,0.04112554112554113
506224,0.0701219512195122
506225,0.04112554112554113
506226,0.07352941176470588
506227,0.029259841129207705
506228,0.21678321678321677
506229,0.018433179723502304
506230,0.4444444444444444
506231,0.4444444444444444
506232,0.058823529411764705
506233,0.21621621621621623
506234,0.3756345177664975
506235,0.018433179723502304
506236,0.16842105263157894
506237,0.6428571428571429
506238,0.07352941176470588
506239,0.16842105263157894
506240,0.04112554112554113
506241,0.38461538461538464
506242,0.21678321678321677
506243,0.3756345177664975
506244,0.21678321678321677
506245,0.16842105263157894
506246,0.07352941176470588
506247,0.07352941176470588
506248,0.3756345177664975
506249,0.1935483870967742
506250,0.008982035928143712
506251,0.0070921985815602835
506252,0.039473684210526314
506253,0.6133333333333333
506254,0.04112554112554113
506255,0.04112554112554113
506256,0.16842105263157894
506257,0.15384615384615385
506258,0.0701219512195122
506259,0.04112554112554113
506260,0.6133333333333333
506261,0.018433179723502304
506262,0.06432748538011696
506263,0.04112554112554113
506264,0.039473684210526314
506265,0.07352941176470588
506266,0.12244897959183673
506267,0.6133333333333333
506268,0.07352941176470588
506269,0.3756345177664975
506270,0.008982035928143712
506271,0.16842105263157894
506272,0.04112554112554113
506273,0.024691358024691357
506274,0.0701219512195122
506275,0.018433179723502304
506276,0.1935483870967742
506277,0.07352941176470588
506278,0.0070921985815602835
506279,0.024691358024691357
506280,0.3756345177664975
506281,0.12903225806451613
506282,0.0070921985815602835
506283,0.0701219512195122
506284,0.3756345177664975
506285,0.058823529411764705
506286,0.018433179723502304
506287,0.018433179723502304
506288,0.0701219512195122
506289,0.1935483870967742
506290,0.018433179723502304
506291,0.21678321678321677
506292,0.07352941176470588
506293,0.12903225806451613
506294,0.05006723420328287
506295,0.4444444444444444
506296,0.018433179723502304
506297,0.008982035928143712
506298,0.018433179723502304
506299,0.15384615384615385
506300,0.4444444444444444
506301,0.008982035928143712
506302,0.008982035928143712
506303,0.018433179723502304
506304,0.008982035928143712
506305,0.0070921985815602835
506306,0.04112554112554113
506307,0.1702127659574468
506308,0.024691358024691357
506309,0.3756345177664975
506310,0.17647058823529413
506311,0.018433179723502304
506312,0.21678321678321677
506313,0.06432748538011696
506314,0.12244897959183673
506315,0.07352941176470588
506316,0.0701219512195122
506317,0.1935483870967742
506318,0.21678321678321677
506319,0.07352941176470588
506320,0.039473684210526314
506321,0.018433179723502304
506322,0.0070921985815602835
506323,0.039473684210526314
506324,0.06432748538011696
506325,0.06432748538011696
506326,0.008982035928143712
506327,0.018433179723502304
506328,0.018433179723502304
506329,0.0701219512195122
506330,0.21621621621621623
506331,0.6133333333333333
506332,0.008982035928143712
506333,0.04112554112554113
506334,0.3756345177664975
506335,0.07352941176470588
506336,0.6666666666666666
506337,0.008982035928143712
506338,0.12903225806451613
506339,0.1935483870967742
506340,0.30597014925373134
506341,0.0701219512195122
506342,0.12244897959183673
506343,0.3756345177664975
506344,0.07352941176470588
506345,0.0070921985815602835
506346,0.039473684210526314
506347,0.008982035928143712
506348,0.018433179723502304
506349,0.17647058823529413
506350,0.30597014925373134
506351,0.058823529411764705
506352,0.0701219512195122
506353,0.04112554112554113
506354,0.0701219512195122
506355,0.024691358024691357
506356,0.0701219512195122
506357,0.15384615384615385
506358,0.018433179723502304
506359,0.06432748538011696
506360,0.6133333333333333
506361,0.0701219512195122
506362,0.07352941176470588
506363,0.16842105263157894
506364,0.3756345177664975
506365,0.0
506366,0.018433179723502304
506367,0.018433179723502304
506368,0.008982035928143712
506369,0.008982035928143712
506370,0.018433179723502304
506371,0.4444444444444444
506372,0.04112554112554113
506373,0.12903225806451613
506374,0.018433179723502304
506375,0.018433179723502304
506376,0.30597014925373134
506377,0.3756345177664975
506378,0.018433179723502304
506379,0.07352941176470588
506380,0.6
506381,0.07352941176470588
506382,0.3756345177664975
506383,0.0701219512195122
506384,0.30597014925373134
506385,0.0070921985815602835
506386,0.018433179723502304
506387,1.0
506388,0.1935483870967742
506389,0.0070921985815602835
506390,0.0070921985815602835
506391,0.024691358024691357
506392,0.04112554112554113
506393,0.008982035928143712
506394,0.018433179723502304
506395,0.09183673469387756
506396,0.0070921985815602835
506397,0.018433179723502304
506398,0.0070921985815602835
506399,0.07352941176470588
506400,0.008982035928143712
506401,0.04112554112554113
506402,0.07352941176470588
506403,0.07352941176470588
506404,0.04112554112554113
506405,0.058823529411764705
506406,0.09183673469387756
506407,0.3146858587219587
506408,0.3756345177664975
506409,0.0070921985815602835
506410,0.0070921985815602835
506411,0.0701219512195122
506412,0.008982035928143712
506413,0.3756345177664975
506414,0.058823529411764705
506415,0.16842105263157894
506416,0.018433179723502304
506417,0.07352941176470588
506418,0.018433179723502304
506419,0.12903225806451613
506420,0.0701219512195122
506421,0.0
506422,0.06432748538011696
506423,0.06432748538011696
506424,0.058823529411764705
506425,0.04112554112554113
506426,0.17647058823529413
506427,0.06432748538011696
506428,0.018433179723502304
506429,0.024691358024691357
506430,0.008982035928143712
506431,0.1935483870967742
506432,0.3756345177664975
506433,0.018433179723502304
506434,0.17647058823529413
506435,0.0701219512195122
506436,0.04112554112554113
506437,0.04112554112554113
506438,0.30597014925373134
506439,0.008982035928143712
506440,0.0070921985815602835
506441,0.0
506442,0.6666666666666666
506443,0.1935483870967742
506444,0.04112554112554113
506445,0.1702127659574468
506446,0.018433179723502304
506447,0.07352941176470588
506448,0.018433179723502304
506449,0.039473684210526314
506450,0.04112554112554113
506451,0.008982035928143712
506452,0.024691358024691357
506453,0.008982035928143712
506454,0.0701219512195122
506455,0.058823529411764705
506456,0.16842105263157894
506457,0.0701219512195122
506458,0.04112554112554113
506459,0.04112554112554113
506460,0.04112554112554113
506461,0.06432748538011696
506462,0.21678321678321677
506463,0.06432748538011696
506464,0.04112554112554113
506465,0.07352941176470588
506466,0.0070921985815602835
506467,0.8181818181818182
506468,0.1935483870967742
506469,0.16842105263157894
506470,0.039473684210526314
506471,0.04112554112554113
506472,0.039473684210526314
506473,0.6133333333333333
506474,0.0070921985815602835
506475,0.21678321678321677
506476,0.07352941176470588
506477,0.0701219512195122
506478,0.6428571428571429
506479,0.17647058823529413
506480,0.018433179723502304
506481,0.06432748538011696
506482,0.16842105263157894
506483,0.0070921985815602835
506484,0.058823529411764705
506485,0.1702127659574468
506486,0.018433179723502304
506487,0.018433179723502304
506488,0.17647058823529413
506489,0.06432748538011696
506490,0.018433179723502304
506491,0.4444444444444444
506492,0.04112554112554113
506493,0.3756345177664975
506494,0.039473684210526314
506495,0.06432748538011696
506496,0.1935483870967742
506497,0.17647058823529413
506498,0.21678321678321677
506499,0.0070921985815602835
506500,0.018433179723502304
506501,0.6133333333333333
506502,0.09183673469387756
506503,0.30597014925373134
506504,0.039473684210526314
506505,0.018433179723502304
506506,0.02658992604743389
506507,0.04112554112554113
506508,0.039473684210526314
506509,0.0701219512195122
506510,0.008982035928143712
506511,0.0701219512195122
506512,0.008982035928143712
506513,0.4444444444444444
506514,0.12903225806451613
506515,0.018433179723502304
506516,0.21678321678321677
506517,0.018433179723502304
506518,0.17647058823529413
506519,0.018433179723502304
506520,0.5892392442881071
506521,0.039473684210526314
506522,0.04112554112554113
506523,0.039473684210526314
506524,0.21678321678321677
506525,0.0070921985815602835
506526,0.04112554112554113
506527,0.008982035928143712
506528,0.21678321678321677
506529,0.0070921985815602835
506530,0.018433179723502304
506531,0.0701219512195122
506532,0.018433179723502304
506533,0.12244897959183673
506534,0.09183673469387756
506535,0.039473684210526314
506536,0.058823529411764705
506537,0.06432748538011696
506538,0.018433179723502304
506539,0.21678321678321677
506540,0.008982035928143712
506541,0.058823529411764705
506542,0.018433179723502304
506543,0.008982035928143712
506544,0.3756345177664975
506545,0.018433179723502304
506546,0.6133333333333333
506547,0.6133333333333333
506548,0.3756345177664975
506549,0.1935483870967742
506550,0.16842105263157894
506551,0.018433179723502304
506552,0.4444444444444444
506553,0.039473684210526314
506554,0.16842105263157894
506555,0.1702127659574468
506556,0.0701219512195122
506557,0.0
506558,0.008982035928143712
506559,0.058823529411764705
506560,0.3756345177664975
506561,0.6428571428571429
506562,0.008982035928143712
506563,0.16842105263157894
506564,0.024691358024691357
506565,0.0070921985815602835
506566,0.0070921985815602835
506567,0.058823529411764705
506568,0.12244897959183673
506569,0.008982035928143712
506570,0.38461538461538464
506571,0.30597014925373134
506572,0.039473684210526314
506573,0.008982035928143712
506574,0.0
506575,0.0
506576,0.5714285714285714
506577,0.018433179723502304
506578,0.3756345177664975
506579,0.018433179723502304
506580,0.024691358024691357
506581,0.008982035928143712
506582,0.058823529411764705
506583,0.1702127659574468
506584,0.018433179723502304
506585,0.04112554112554113
506586,0.84
506587,0.04112554112554113
506588,0.04112554112554113
506589,0.3756345177664975
506590,0.018433179723502304
506591,0.0701219512195122
506592,0.0070921985815602835
506593,0.008982035928143712
506594,0.03630459763560458
506595,0.058823529411764705
506596,0.018433179723502304
506597,0.4444444444444444
506598,0.4444444444444444
506599,0.06432748538011696
506600,0.0070921985815602835
506601,0.04112554112554113
506602,0.039473684210526314
506603,0.09183673469387756
506604,0.16842105263157894
506605,0.6428571428571429
506606,0.04112554112554113
506607,0.07352941176470588
506608,0.0701219512195122
506609,0.04112554112554113
506610,0.008982035928143712
506611,0.30597014925373134
506612,0.024691358024691357
506613,0.018433179723502304
506614,0.6133333333333333
506615,0.058823529411764705
506616,0.018433179723502304
506617,0.0701219512195122
506618,0.3756345177664975
506619,0.04112554112554113
506620,0.09183673469387756
506621,0.6428571428571429
506622,0.0701219512195122
506623,0.6428571428571429
506624,0.039473684210526314
506625,0.024691358024691357
506626,0.1935483870967742
506627,0.21621621621621623
506628,0.16842105263157894
506629,0.008982035928143712
506630,0.21678321678321677
506631,0.008982035928143712
506632,0.0070921985815602835
506633,0.1935483870967742
506634,0.018433179723502304
506635,0.1935483870967742
506636,0.6133333333333333
506637,0.024691358024691357
506638,0.018433179723502304
506639,0.039473684210526314
506640,0.04112554112554113
506641,0.018433179723502304
506642,0.039473684210526314
506643,0.16842105263157894
506644,0.008982035928143712
506645,0.30597014925373134
506646,0.058823529411764705
506647,0.008982035928143712
506648,0.04071053839214843
506649,0.0701219512195122
506650,0.039473684210526314
506651,0.1935483870967742
506652,0.018433179723502304
506653,0.058823529411764705
506654,0.0070921985815602835
506655,0.04112554112554113
506656,0.5882352941176471
506657,0.018433179723502304
506658,0.0
506659,0.21678321678321677
506660,0.018433179723502304
506661,0.21678321678321677
506662,0.008982035928143712
506663,0.1935483870967742
506664,0.04112554112554113
506665,0.008982035928143712
506666,1.0
506667,0.008982035928143712
506668,0.07352941176470588
506669,0.1935483870967742
506670,0.16842105263157894
506671,0.018433179723502304
506672,0.1964241422255898
506673,0.0701219512195122
506674,0.039473684210526314
506675,0.16842105263157894
506676,0.008982035928143712
506677,0.04112554112554113
506678,0.018433179723502304
506679,0.6133333333333333
506680,0.3756345177664975
506681,0.018433179723502304
506682,0.5882352941176471
506683,0.21678321678321677
506684,0.018433179723502304
506685,0.018433179723502304
506686,0.16842105263157894
506687,0.039473684210526314
506688,0.16842105263157894
506689,0.04112554112554113
506690,0.3756345177664975
506691,0.1935483870967742
506692,0.1935483870967742
506693,0.0701219512195122
506694,0.3756345177664975
506695,0.06432748538011696
506696,0.30597014925373134
506697,0.058823529411764705
506698,0.018433179723502304
506699,0.8181818181818182
506700,0.3756345177664975
506701,0.058823529411764705
506702,0.15384615384615385
506703,0.3756345177664975
506704,0.04112554112554113
506705,0.04112554112554113
506706,0.018433179723502304
506707,0.6133333333333333
506708,0.21678321678321677
506709,0.6428571428571429
506710,0.16842105263157894
506711,0.06432748538011696
506712,0.21678321678321677
506713,0.06432748538011696
506714,0.16842105263157894
506715,0.018433179723502304
506716,0.1935483870967742
506717,0.21678321678321677
506718,0.1702127659574468
506719,0.04112554112554113
506720,0.024691358024691357
506721,0.058823529411764705
506722,0.008982035928143712
506723,0.058823529411764705
506724,0.0070921985815602835
506725,0.15384615384615385
506726,0.15384615384615385
506727,0.0070921985815602835
506728,0.04112554112554113
506729,0.008982035928143712
506730,0.0
506731,0.008982035928143712
506732,0.09183673469387756
506733,0.12903225806451613
506734,0.018433179723502304
506735,0.04112554112554113
506736,0.06432748538011696
506737,0.0701219512195122
506738,0.12903225806451613
506739,0.039473684210526314
506740,0.039473684210526314
506741,0.21678321678321677
506742,0.12903225806451613
506743,0.30597014925373134
506744,0.008982035928143712
506745,0.4444444444444444
506746,0.0
506747,0.0701219512195122
506748,0.0070921985815602835
506749,0.0701219512195122
506750,0.018433179723502304
506751,0.018433179723502304
506752,0.039473684210526314
506753,0.04112554112554113
506754,0.04112554112554113
506755,0.018433179723502304
506756,0.3756345177664975
506757,0.024691358024691357
506758,0.12244897959183673
506759,0.0070921985815602835
506760,0.6133333333333333
506761,0.6428571428571429
506762,0.09183673469387756
506763,0.04112554112554113
506764,0.16842105263157894
506765,0.0701219512195122
506766,0.008982035928143712
506767,0.0701219512195122
506768,0.0701219512195122
506769,0.06432748538011696
506770,0.1702127659574468
506771,0.008982035928143712
506772,0.06432748538011696
506773,0.3756345177664975
506774,0.008982035928143712
506775,0.039473684210526314
506776,0.07352941176470588
506777,0.0701219512195122
506778,0.21678321678321677
506779,0.04112554112554113
506780,0.04112554112554113
506781,0.0701219512195122
506782,0.3756345177664975
506783,0.039473684210526314
506784,0.008982035928143712
506785,0.21678321678321677
506786,0.1935483870967742
506787,0.07352941176470588
506788,0.04112554112554113
506789,0.21678321678321677
506790,0.0070921985815602835
506791,0.3756345177664975
506792,0.04112554112554113
506793,0.06432748538011696
506794,0.6428571428571429
506795,0.30597014925373134
506796,0.04112554112554113
506797,0.16842105263157894
506798,0.008982035928143712
506799,0.058823529411764705
506800,0.04112554112554113
506801,0.0
506802,0.16842105263157894
506803,0.09183673469387756
506804,0.018433179723502304
506805,0.008982035928143712
506806,0.024691358024691357
506807,0.0070921985815602835
506808,0.04112554112554113
506809,0.018433179723502304
506810,0.018433179723502304
506811,0.04112554112554113
506812,0.058823529411764705
506813,0.84
506814,0.04112554112554113
506815,0.30597014925373134
506816,0.0070921985815602835
506817,0.018433179723502304
506818,0.12903225806451613
506819,0.04112554112554113
506820,0.039473684210526314
506821,0.30597014925373134
506822,0.058823529411764705
506823,0.07352941176470588
506824,0.04112554112554113
506825,0.008982035928143712
506826,0.018433179723502304
506827,0.17647058823529413
506828,0.04112554112554113
506829,0.024691358024691357
506830,0.008982035928143712
506831,0.3756345177664975
506832,0.0070921985815602835
506833,0.008982035928143712
506834,0.6133333333333333
506835,0.024691358024691357
506836,0.0701219512195122
506837,0.04112554112554113
506838,0.16842105263157894
506839,0.04112554112554113
506840,0.6428571428571429
506841,0.1935483870967742
506842,0.21621621621621623
506843,0.039473684210526314
506844,0.0070921985815602835
506845,0.039473684210526314
506846,0.0
506847,0.0070921985815602835
506848,0.04112554112554113
506849,0.3756345177664975
506850,0.018433179723502304
506851,0.008982035928143712
506852,0.07352941176470588
506853,0.16842105263157894
506854,0.008982035928143712
506855,0.04112554112554113
506856,0.3756345177664975
506857,0.04112554112554113
506858,0.12244897959183673
506859,0.04112554112554113
506860,0.6133333333333333
506861,0.07352941176470588
506862,0.21621621621621623
506863,0.1935483870967742
506864,0.039473684210526314
506865,0.04112554112554113
506866,0.21678321678321677
506867,0.024691358024691357
506868,0.17647058823529413
506869,0.0701219512195122
506870,0.0701219512195122
506871,0.018433179723502304
506872,0.058823529411764705
506873,0.21678321678321677
506874,0.6133333333333333
506875,0.6133333333333333
506876,0.024691358024691357
506877,0.018433179723502304
506878,0.04112554112554113
506879,0.008982035928143712
506880,0.018433179723502304
506881,0.0701219512195122
506882,0.04112554112554113
506883,0.1935483870967742
506884,0.6
506885,0.018433179723502304
506886,0.07352941176470588
506887,0.0701219512195122
506888,0.018433179723502304
506889,0.1935483870967742
506890,0.0070921985815602835
506891,0.0701219512195122
506892,0.0
506893,0.16842105263157894
506894,0.039473684210526314
506895,0.008982035928143712
506896,0.039473684210526314
506897,0.024691358024691357
506898,0.21678321678321677
506899,0.039473684210526314
506900,0.21678321678321677
506901,0.16842105263157894
506902,0.0070921985815602835
506903,0.06432748538011696
506904,0.0701219512195122
506905,0.0701219512195122
506906,0.1935483870967742
506907,0.06432748538011696
506908,0.07352941176470588
506909,0.024691358024691357
506910,0.1935483870967742
506911,0.04112554112554113
506912,0.21678321678321677
506913,0.1702127659574468
506914,0.12903225806451613
506915,0.06432748538011696
506916,0.17647058823529413
506917,0.018433179723502304
506918,0.06432748538011696
506919,0.16842105263157894
506920,0.04112554112554113
506921,0.04112554112554113
506922,0.024691358024691357
506923,0.008982035928143712
506924,0.0
506925,0.0701219512195122
506926,0.06432748538011696
506927,0.6133333333333333
506928,0.06432748538011696
506929,0.018433179723502304
506930,0.0
506931,0.04112554112554113
506932,0.0070921985815602835
506933,0.3756345177664975
506934,0.09183673469387756
506935,0.5882352941176471
506936,0.1935483870967742
506937,0.04112554112554113
506938,0.039473684210526314
506939,0.008982035928143712
506940,0.0070921985815602835
506941,0.0701219512195122
506942,0.039473684210526314
506943,0.024691358024691357
506944,0.07352941176470588
506945,0.15384615384615385
506946,0.0070921985815602835
506947,0.3333333333333333
506948,0.3756345177664975
506949,0.0
506950,0.0701219512195122
506951,0.039473684210526314
506952,0.21678321678321677
506953,0.4444444444444444
506954,0.018433179723502304
506955,0.0701219512195122
506956,0.0701219512195122
506957,0.018433179723502304
506958,0.04112554112554113
506959,0.0070921985815602835
506960,0.1935483870967742
506961,0.0070921985815602835
506962,0.04112554112554113
506963,0.04112554112554113
506964,0.16842105263157894
506965,0.008982035928143712
506966,0.09183673469387756
506967,0.04112554112554113
506968,0.17647058823529413
506969,0.21678321678321677
506970,0.024691358024691357
506971,0.018433179723502304
506972,0.07352941176470588
506973,0.008982035928143712
506974,0.07352941176470588
506975,0.21621621621621623
506976,0.3756345177664975
506977,0.008982035928143712
506978,0.17647058823529413
506979,0.6
506980,0.1935483870967742
506981,0.06432748538011696
506982,0.4444444444444444
506983,0.008982035928143712
506984,0.09183673469387756
506985,0.039473684210526314
506986,0.21678321678321677
506987,0.21621621621621623
506988,0.07352941176470588
506989,0.1935483870967742
506990,0.0701219512195122
506991,0.07352941176470588
506992,0.0701219512195122
506993,0.008982035928143712
506994,0.0701219512195122
506995,0.21678321678321677
506996,0.018433179723502304
506997,0.018433179723502304
506998,0.0701219512195122
506999,0.07352941176470588
507000,0.008982035928143712
507001,0.16842105263157894
507002,0.0070921985815602835
507003,0.04112554112554113
507004,0.018433179723502304
507005,0.3756345177664975
507006,0.09183673469387756
507007,0.1935483870967742
507008,0.12244897959183673
507009,0.04112554112554113
507010,0.3756345177664975
507011,0.12903225806451613
507012,0.04112554112554113
507013,0.039473684210526314
507014,0.0701219512195122
507015,0.21678321678321677
507016,0.04112554112554113
507017,0.0070921985815602835
507018,0.018433179723502304
507019,0.3756345177664975
507020,0.21678321678321677
507021,0.0
507022,0.018433179723502304
507023,0.008982035928143712
507024,0.06432748538011696
507025,0.008982035928143712
507026,0.04112554112554113
507027,0.06432748538011696
507028,0.039473684210526314
507029,0.008982035928143712
507030,0.008982035928143712
507031,0.21678321678321677
507032,0.12903225806451613
507033,0.17647058823529413
507034,0.058823529411764705
507035,0.04112554112554113
507036,0.04112554112554113
507037,0.3756345177664975
507038,0.024691358024691357
507039,0.008982035928143712
507040,0.4444444444444444
507041,0.008982035928143712
507042,0.018433179723502304
507043,0.0070921985815602835
507044,0.04112554112554113
507045,0.6428571428571429
507046,0.21678321678321677
507047,0.0070921985815602835
507048,0.024691358024691357
507049,0.21678321678321677
507050,0.0070921985815602835
507051,0.024691358024691357
507052,0.0070921985815602835
507053,0.0701219512195122
507054,0.1935483870967742
507055,0.058823529411764705
507056,0.0701219512195122
507057,0.04112554112554113
507058,0.0070921985815602835
507059,0.039473684210526314
507060,0.30597014925373134
507061,0.4444444444444444
507062,0.039473684210526314
507063,0.1935483870967742
507064,0.07352941176470588
507065,0.008982035928143712
507066,0.1935483870967742
507067,0.1935483870967742
507068,0.1935483870967742
507069,0.12244897959183673
507070,0.07352941176470588
507071,0.0070921985815602835
507072,0.018433179723502304
507073,0.07352941176470588
507074,0.04112554112554113
507075,0.3756345177664975
507076,0.21621621621621623
507077,0.16842105263157894
507078,0.1702127659574468
507079,0.04112554112554113
507080,0.21678321678321677
507081,0.008982035928143712
507082,0.09183673469387756
507083,0.21678321678321677
507084,0.30597014925373134
507085,0.0070921985815602835
507086,0.058823529411764705
507087,0.039473684210526314
507088,0.058823529411764705
507089,0.07352941176470588
507090,0.018433179723502304
507091,0.06432748538011696
507092,0.058823529411764705
507093,0.04112554112554113
507094,0.12903225806451613
507095,0.15384615384615385
507096,0.0701219512195122
507097,0.008982035928143712
507098,0.024691358024691357
507099,0.16842105263157894
507100,0.12903225806451613
507101,0.16842105263157894
507102,0.6133333333333333
507103,0.6
507104,0.008982035928143712
507105,0.0701219512195122
507106,0.039473684210526314
507107,0.0701219512195122
507108,0.6133333333333333
507109,0.3756345177664975
507110,0.008982035928143712
507111,0.0
507112,0.1935483870967742
507113,0.0701219512195122
507114,0.018433179723502304
507115,0.3756345177664975
507116,0.008982035928143712
507117,0.3756345177664975
507118,0.30597014925373134
507119,0.018433179723502304
507120,0.0701219512195122
507121,0.07352941176470588
507122,0.6133333333333333
507123,0.5882352941176471
507124,0.6428571428571429
507125,0.3756345177664975
507126,0.21678321678321677
507127,0.06432748538011696
507128,0.07352941176470588
507129,0.12903225806451613
507130,0.008982035928143712
507131,0.018433179723502304
507132,0.6
507133,0.17647058823529413
507134,0.4444444444444444
507135,0.6428571428571429
507136,0.21678321678321677
507137,0.07352941176470588
507138,0.018433179723502304
507139,0.6133333333333333
507140,0.058823529411764705
507141,0.0070921985815602835
507142,0.008982035928143712
507143,0.07352941176470588
507144,0.21678321678321677
507145,0.21678321678321677
507146,0.04112554112554113
507147,0.04112554112554113
507148,0.04112554112554113
507149,0.04112554112554113
507150,0.3756345177664975
507151,0.4444444444444444
507152,0.058823529411764705
507153,0.3756345177664975
507154,0.039473684210526314
507155,0.6428571428571429
507156,0.024691358024691357
507157,0.07352941176470588
507158,0.039473684210526314
507159,0.018433179723502304
507160,0.008982035928143712
507161,0.3756345177664975
507162,0.058823529411764705
507163,0.008982035928143712
507164,0.018433179723502304
507165,0.0701219512195122
507166,0.07352941176470588
507167,0.21678321678321677
507168,0.018433179723502304
507169,0.04112554112554113
507170,0.4444444444444444
507171,0.024691358024691357
507172,0.07352941176470588
507173,0.04112554112554113
507174,0.018433179723502304
507175,0.0070921985815602835
507176,0.07352941176470588
507177,0.17647058823529413
507178,0.04112554112554113
507179,0.1935483870967742
507180,0.024691358024691357
507181,0.3756345177664975
507182,0.15384615384615385
507183,0.0701219512195122
507184,0.06432748538011696
507185,0.018433179723502304
507186,0.0701219512195122
507187,0.008982035928143712
507188,0.4444444444444444
507189,0.008982035928143712
507190,0.09183673469387756
507191,0.04112554112554113
507192,0.16842105263157894
507193,0.018433179723502304
507194,0.3756345177664975
507195,0.008982035928143712
507196,0.12903225806451613
507197,0.6428571428571429
507198,0.06432748538011696
507199,0.058823529411764705
507200,0.09183673469387756
507201,0.039473684210526314
507202,0.0
507203,0.008982035928143712
507204,0.21621621621621623
507205,0.0070921985815602835
507206,0.04112554112554113
507207,0.38461538461538464
507208,0.039473684210526314
507209,0.17647058823529413
507210,0.04112554112554113
507211,0.039473684210526314
507212,0.0701219512195122
507213,0.039473684210526314
507214,0.21678321678321677
507215,0.3756345177664975
507216,0.008982035928143712
507217,0.21678321678321677
507218,0.018433179723502304
507219,0.0070921985815602835
507220,0.0701219512195122
507221,0.04112554112554113
507222,0.018433179723502304
507223,0.018433179723502304
507224,0.1935483870967742
507225,0.008982035928143712
507226,0.008982035928143712
507227,0.17647058823529413
507228,0.039473684210526314
507229,0.018433179723502304
507230,0.21678321678321677
507231,0.018433179723502304
507232,0.039473684210526314
507233,0.04112554112554113
507234,0.6666666666666666
507235,0.3333333333333333
507236,0.0701219512195122
507237,0.008982035928143712
507238,0.039473684210526314
507239,0.018433179723502304
507240,0.04112554112554113
507241,0.008982035928143712
507242,0.4444444444444444
507243,0.008982035928143712
507244,0.039473684210526314
507245,0.018433179723502304
507246,0.16842105263157894
507247,0.0070921985815602835
507248,0.0070921985815602835
507249,0.21621621621621623
507250,0.07352941176470588
507251,0.008982035928143712
507252,0.04112554112554113
507253,0.4444444444444444
507254,0.17647058823529413
507255,0.018433179723502304
507256,0.008982035928143712
507257,0.04112554112554113
507258,0.30597014925373134
507259,0.0701219512195122
507260,0.21621621621621623
507261,0.21678321678321677
507262,0.3756345177664975
507263,0.008982035928143712
507264,0.21621621621621623
507265,0.1935483870967742
507266,0.018433179723502304
507267,0.018433179723502304
507268,0.04112554112554113
507269,0.04112554112554113
507270,0.06432748538011696
507271,0.024691358024691357
507272,0.07352941176470588
507273,0.024691358024691357
507274,0.0701219512195122
507275,0.0070921985815602835
507276,0.058823529411764705
507277,0.3756345177664975
507278,0.04112554112554113
507279,0.039473684210526314
507280,0.0701219512195122
507281,0.1935483870967742
507282,0.04112554112554113
507283,0.04112554112554113
507284,0.21678321678321677
507285,0.07352941176470588
507286,0.018433179723502304
507287,0.04112554112554113
507288,0.1702127659574468
507289,0.039473684210526314
507290,0.3756345177664975
507291,0.018433179723502304
507292,0.6428571428571429
507293,1.0
507294,0.07352941176470588
507295,0.039473684210526314
507296,0.039473684210526314
507297,0.058823529411764705
507298,0.17647058823529413
507299,0.0
507300,0.0701219512195122
507301,0.1935483870967742
507302,0.1935483870967742
507303,0.008982035928143712
507304,0.09183673469387756
507305,0.04112554112554113
507306,0.06432748538011696
507307,0.21678321678321677
507308,0.3756345177664975
507309,0.039473684210526314
507310,0.039473684210526314
507311,0.018433179723502304
507312,0.15384615384615385
507313,0.07352941176470588
507314,0.16842105263157894
507315,0.018433179723502304
507316,0.21678321678321677
507317,0.018433179723502304
507318,0.0070921985815602835
507319,0.018433179723502304
507320,0.039473684210526314
507321,0.06432748538011696
507322,0.0701219512195122
507323,0.018433179723502304
507324,0.039473684210526314
507325,0.06432748538011696
507326,0.16842105263157894
507327,0.12244897959183673
507328,0.4444444444444444
507329,0.1702127659574468
507330,0.21621621621621623
507331,0.04112554112554113
507332,0.16842105263157894
507333,0.008982035928143712
507334,0.07352941176470588
507335,0.4444444444444444
507336,0.4444444444444444
507337,0.04112554112554113
507338,0.018433179723502304
507339,0.21621621621621623
507340,0.039473684210526314
507341,0.04112554112554113
507342,0.039473684210526314
507343,0.3333333333333333
507344,0.16842105263157894
507345,0.1111111111111111
507346,0.024691358024691357
507347,0.12903225806451613
507348,0.09183673469387756
507349,0.008982035928143712
507350,0.0701219512195122
507351,0.17647058823529413
507352,0.07352941176470588
507353,0.039473684210526314
507354,0.09183673469387756
507355,0.0070921985815602835
507356,0.018433179723502304
507357,0.008982035928143712
507358,0.1935483870967742
507359,0.3756345177664975
507360,0.16842105263157894
507361,0.024691358024691357
507362,0.018433179723502304
507363,0.17647058823529413
507364,0.008982035928143712
507365,0.07352941176470588
507366,0.039473684210526314
507367,0.04112554112554113
507368,0.04112554112554113
507369,0.04112554112554113
507370,0.024691358024691357
507371,0.30597014925373134
507372,0.024691358024691357
507373,0.21678321678321677
507374,0.058823529411764705
507375,0.4444444444444444
507376,0.07352941176470588
507377,0.07352941176470588
507378,0.06432748538011696
507379,0.04112554112554113
507380,0.0070921985815602835
507381,0.3756345177664975
507382,0.0701219512195122
507383,0.17647058823529413
507384,0.008982035928143712
507385,0.21621621621621623
507386,0.6133333333333333
507387,0.018433179723502304
507388,0.0070921985815602835
507389,0.16842105263157894
507390,0.06432748538011696
507391,0.04112554112554113
507392,0.17647058823529413
507393,0.018433179723502304
507394,0.008982035928143712
507395,0.21678321678321677
507396,0.07352941176470588
507397,0.039473684210526314
507398,0.07352941176470588
507399,0.008982035928143712
507400,0.16842105263157894
507401,0.008982035928143712
507402,0.32491896919248175
507403,0.5882352941176471
507404,0.018433179723502304
507405,0.3756345177664975
507406,0.07352941176470588
507407,0.1935483870967742
507408,0.4444444444444444
507409,0.018433179723502304
507410,0.4444444444444444
507411,0.4444444444444444
507412,0.07352941176470588
507413,0.008982035928143712
507414,0.008982035928143712
507415,0.0701219512195122
507416,0.21678321678321677
507417,0.018433179723502304
507418,0.008982035928143712
507419,0.04112554112554113
507420,0.21678321678321677
507421,0.1702127659574468
507422,0.6133333333333333
507423,0.0701219512195122
507424,0.12903225806451613
507425,0.21621621621621623
507426,0.07352941176470588
507427,0.07352941176470588
507428,0.018433179723502304
507429,0.018433179723502304
507430,0.018433179723502304
507431,0.21678321678321677
507432,0.0070921985815602835
507433,0.024691358024691357
507434,0.1935483870967742
507435,0.6133333333333333
507436,0.1702127659574468
507437,0.06432748538011696
507438,0.024691358024691357
507439,0.0
507440,0.008982035928143712
507441,0.0070921985815602835
507442,0.04112554112554113
507443,0.16842105263157894
507444,0.4444444444444444
507445,0.3756345177664975
507446,0.15384615384615385
507447,0.008982035928143712
507448,0.024691358024691357
507449,0.84
507450,0.07352941176470588
507451,0.0701219512195122
507452,0.0701219512195122
507453,0.16842105263157894
507454,0.018433179723502304
507455,0.07352941176470588
507456,0.1935483870967742
507457,0.0070921985815602835
507458,0.1935483870967742
507459,0.039473684210526314
507460,0.09183673469387756
507461,0.4444444444444444
507462,0.21621621621621623
507463,0.0070921985815602835
507464,0.018433179723502304
507465,0.21678321678321677
507466,0.16842105263157894
507467,0.07352941176470588
507468,0.058823529411764705
507469,0.30597014925373134
507470,0.024691358024691357
507471,0.3756345177664975
507472,0.058823529411764705
507473,0.16842105263157894
507474,0.0070921985815602835
507475,0.16842105263157894
507476,0.1935483870967742
507477,0.30597014925373134
507478,0.07352941176470588
507479,0.0701219512195122
507480,0.008982035928143712
507481,0.04112554112554113
507482,0.07352941176470588
507483,0.0701219512195122
507484,0.1935483870967742
507485,0.6428571428571429
507486,0.04112554112554113
507487,0.21678321678321677
507488,0.024691358024691357
507489,0.07352941176470588
507490,0.04112554112554113
507491,0.0701219512195122
507492,0.0701219512195122
507493,0.06432748538011696
507494,0.06432748538011696
507495,0.07352941176470588
507496,0.0701219512195122
507497,0.04112554112554113
507498,0.018433179723502304
507499,0.07352941176470588
507500,0.21621621621621623
507501,0.039473684210526314
507502,0.06432748538011696
507503,0.0070921985815602835
507504,0.04112554112554113
507505,0.06432748538011696
507506,0.06432748538011696
507507,0.039473684210526314
507508,0.07352941176470588
507509,0.30597014925373134
507510,0.039473684210526314
507511,0.018433179723502304
507512,0.06432748538011696
507513,0.06432748538011696
507514,0.04112554112554113
507515,0.018433179723502304
507516,0.0
507517,0.04112554112554113
507518,0.039473684210526314
507519,0.018433179723502304
507520,0.6133333333333333
507521,0.06432748538011696
507522,0.008982035928143712
507523,0.018433179723502304
507524,0.6133333333333333
507525,0.21678321678321677
507526,0.039473684210526314
507527,0.0701219512195122
507528,0.17647058823529413
507529,0.024691358024691357
507530,0.0070921985815602835
507531,0.30597014925373134
507532,0.06432748538011696
507533,0.4444444444444444
507534,0.4444444444444444
507535,0.16842105263157894
507536,0.018433179723502304
507537,0.16842105263157894
507538,0.21678321678321677
507539,0.058823529411764705
507540,0.07352941176470588
507541,0.04112554112554113
507542,0.018433179723502304
507543,0.008982035928143712
507544,0.07352941176470588
507545,0.008982035928143712
507546,0.058823529411764705
507547,0.058823529411764705
507548,0.058823529411764705
507549,0.3756345177664975
507550,0.12244897959183673
507551,0.039473684210526314
507552,0.018433179723502304
507553,0.018433179723502304
507554,0.30597014925373134
507555,0.0701219512195122
507556,0.3756345177664975
507557,0.0070921985815602835
507558,0.0701219512195122
507559,0.07352941176470588
507560,0.1702127659574468
507561,0.024691358024691357
507562,0.0701219512195122
507563,0.0070921985815602835
507564,0.039473684210526314
507565,0.07352941176470588
507566,0.018433179723502304
507567,0.17647058823529413
507568,0.07352941176470588
507569,0.38461538461538464
507570,0.3756345177664975
507571,0.1935483870967742
507572,0.8327409593466223
507573,0.008982035928143712
507574,0.0701219512195122
507575,0.018433179723502304
507576,0.04112554112554113
507577,0.07352941176470588
507578,0.058823529411764705
507579,0.21678321678321677
507580,0.3756345177664975
507581,0.018433179723502304
507582,0.3756345177664975
507583,0.039473684210526314
507584,0.04112554112554113
507585,0.04112554112554113
507586,0.0070921985815602835
507587,0.024691358024691357
507588,0.16842105263157894
507589,0.008982035928143712
507590,0.1935483870967742
507591,0.018433179723502304
507592,0.04112554112554113
507593,0.3756345177664975
507594,0.018433179723502304
507595,0.12903225806451613
507596,0.0070921985815602835
507597,0.6133333333333333
507598,0.06432748538011696
507599,0.17647058823529413
507600,0.06432748538011696
507601,0.17647058823529413
507602,0.008982035928143712
507603,0.8181818181818182
507604,0.039473684210526314
507605,0.16842105263157894
507606,0.039473684210526314
507607,0.018433179723502304
507608,0.07352941176470588
507609,0.039473684210526314
507610,0.008982035928143712
507611,0.018433179723502304
507612,0.07352941176470588
507613,0.12244897959183673
507614,0.12903225806451613
507615,0.1935483870967742
507616,0.16842105263157894
507617,0.024691358024691357
507618,0.008982035928143712
507619,0.018433179723502304
507620,0.21621621621621623
507621,0.30597014925373134
507622,0.0
507623,0.0701219512195122
507624,0.0701219512195122
507625,0.16842105263157894
507626,0.4444444444444444
507627,0.04112554112554113
507628,0.3756345177664975
507629,0.058823529411764705
507630,0.0701219512195122
507631,0.21621621621621623
507632,0.1935483870967742
507633,0.018433179723502304
507634,0.0701219512195122
507635,0.04112554112554113
507636,0.04112554112554113
507637,0.018433179723502304
507638,0.018433179723502304
507639,0.07352941176470588
507640,0.1935483870967742
507641,0.008982035928143712
507642,0.0701219512195122
507643,0.07352941176470588
507644,0.0701219512195122
507645,0.06432748538011696
507646,0.039473684210526314
507647,0.21678321678321677
507648,0.06432748538011696
507649,0.018433179723502304
507650,0.21678321678321677
507651,0.12244897959183673
507652,0.21678321678321677
507653,0.09183673469387756
507654,0.018433179723502304
507655,0.3756345177664975
507656,0.3333333333333333
507657,0.058823529411764705
507658,0.04112554112554113
507659,0.018433179723502304
507660,0.008982035928143712
507661,0.04112554112554113
507662,0.21678321678321677
507663,0.039473684210526314
507664,0.21678321678321677
507665,0.0070921985815602835
507666,0.21621621621621623
507667,0.30597014925373134
507668,0.1935483870967742
507669,0.008982035928143712
507670,0.16842105263157894
507671,0.3756345177664975
507672,0.008982035928143712
507673,0.30597014925373134
507674,0.21678321678321677
507675,0.0070921985815602835
507676,0.0070921985815602835
507677,0.058823529411764705
507678,0.008982035928143712
507679,0.07352941176470588
507680,0.3756345177664975
507681,0.039473684210526314
507682,0.21678321678321677
507683,0.04112554112554113
507684,0.018433179723502304
507685,0.09183673469387756
507686,0.30597014925373134
507687,0.1935483870967742
507688,0.039473684210526314
507689,0.4444444444444444
507690,0.84
507691,0.0070921985815602835
507692,0.09183673469387756
507693,0.3756345177664975
507694,0.0070921985815602835
507695,0.07352941176470588
507696,0.3333333333333333
507697,0.04112554112554113
507698,0.21621621621621623
507699,0.21621621621621623
507700,0.039473684210526314
507701,0.0070921985815602835
507702,0.06432748538011696
507703,0.039473684210526314
507704,0.018433179723502304
507705,0.0701219512195122
507706,0.039473684210526314
507707,0.21678321678321677
507708,0.024691358024691357
507709,0.21678321678321677
507710,0.008982035928143712
507711,0.07352941176470588
507712,0.06432748538011696
507713,0.84
507714,0.0701219512195122
507715,0.07352941176470588
507716,0.17647058823529413
507717,0.008982035928143712
507718,0.21678321678321677
507719,0.17647058823529413
507720,0.3756345177664975
507721,0.008982035928143712
507722,0.30597014925373134
507723,0.07352941176470588
507724,0.06432748538011696
507725,0.09183673469387756
507726,0.058823529411764705
507727,0.3756345177664975
507728,0.018433179723502304
507729,0.21678321678321677
507730,0.07352941176470588
507731,0.018433179723502304
507732,0.018433179723502304
507733,0.04112554112554113
507734,0.6133333333333333
507735,0.0701219512195122
507736,0.008982035928143712
507737,0.0701219512195122
507738,0.5882352941176471
507739,0.21678321678321677
507740,0.039473684210526314
507741,0.17647058823529413
507742,0.04112554112554113
507743,0.4444444444444444
507744,0.04112554112554113
507745,0.3756345177664975
507746,0.06432748538011696
507747,0.04112554112554113
507748,0.0070921985815602835
507749,0.07352941176470588
507750,0.008982035928143712
507751,0.039473684210526314
507752,0.21678321678321677
507753,0.0070921985815602835
507754,0.0701219512195122
507755,0.04112554112554113
507756,0.04112554112554113
507757,0.04112554112554113
507758,0.024691358024691357
507759,0.058823529411764705
507760,0.16842105263157894
507761,0.09183673469387756
507762,0.04112554112554113
507763,0.21678321678321677
507764,0.3756345177664975
507765,0.0070921985815602835
507766,0.21621621621621623
507767,0.018433179723502304
507768,0.5882352941176471
507769,0.04112554112554113
507770,0.04112554112554113
507771,0.058823529411764705
507772,0.12903225806451613
507773,0.024691358024691357
507774,0.21678321678321677
507775,0.04112554112554113
507776,0.04112554112554113
507777,0.17647058823529413
507778,0.0701219512195122
507779,0.024691358024691357
507780,0.06432748538011696
507781,0.0070921985815602835
507782,0.008982035928143712
507783,0.008982035928143712
507784,0.4444444444444444
507785,0.1935483870967742
507786,0.16842105263157894
507787,0.008982035928143712
507788,0.008982035928143712
507789,0.058823529411764705
507790,0.21678321678321677
507791,0.38461538461538464
507792,0.04112554112554113
507793,0.008982035928143712
507794,0.21678321678321677
507795,0.06432748538011696
507796,0.008982035928143712
507797,0.024691358024691357
507798,0.008982035928143712
507799,0.018433179723502304
507800,0.0070921985815602835
507801,0.1935483870967742
507802,0.1935483870967742
507803,0.058823529411764705
507804,0.039473684210526314
507805,0.12903225806451613
507806,0.04112554112554113
507807,0.04112554112554113
507808,0.16842105263157894
507809,0.008982035928143712
507810,0.018433179723502304
507811,0.0701219512195122
507812,0.04112554112554113
507813,0.018433179723502304
507814,0.0701219512195122
507815,0.04112554112554113
507816,0.17647058823529413
507817,0.12244897959183673
507818,0.06432748538011696
507819,0.024691358024691357
507820,0.04112554112554113
507821,0.0701219512195122
507822,0.0701219512195122
507823,0.3333333333333333
507824,0.04112554112554113
507825,0.039473684210526314
507826,0.21621621621621623
507827,0.018433179723502304
507828,0.0
507829,0.008982035928143712
507830,0.4444444444444444
507831,0.024691358024691357
507832,0.6133333333333333
507833,0.018433179723502304
507834,0.07352941176470588
507835,0.008982035928143712
507836,0.0070921985815602835
507837,0.30597014925373134
507838,0.3756345177664975
507839,0.039473684210526314
507840,0.3756345177664975
507841,0.21678321678321677
507842,0.3756345177664975
507843,0.04112554112554113
507844,0.16842105263157894
507845,0.04112554112554113
507846,0.04112554112554113
507847,0.039473684210526314
507848,0.0070921985815602835
507849,0.07352941176470588
507850,0.0
507851,0.09183673469387756
507852,0.008982035928143712
507853,0.039473684210526314
507854,0.12244897959183673
507855,0.018433179723502304
507856,0.16842105263157894
507857,0.04112554112554113
507858,0.12903225806451613
507859,0.06432748538011696
507860,0.15483259813668487
507861,0.07352941176470588
507862,0.5
507863,0.0070921985815602835
507864,0.06432748538011696
507865,0.04112554112554113
507866,0.21678321678321677
507867,0.16842105263157894
507868,0.0070921985815602835
507869,0.17179969535865233
507870,0.04112554112554113
507871,0.12903225806451613
507872,0.16842105263157894
507873,0.21678321678321677
507874,0.3756345177664975
507875,0.008982035928143712
507876,0.21678321678321677
507877,0.30597014925373134
507878,0.16842105263157894
507879,0.024691358024691357
507880,0.04112554112554113
507881,0.17647058823529413
507882,0.024691358024691357
507883,0.018433179723502304
507884,0.04112554112554113
507885,0.4444444444444444
507886,0.06432748538011696
507887,0.15384615384615385
507888,0.6428571428571429
507889,0.07352941176470588
507890,0.07352941176470588
507891,0.039473684210526314
507892,0.039473684210526314
507893,0.4444444444444444
507894,0.04112554112554113
507895,0.039473684210526314
507896,0.018433179723502304
507897,0.0070921985815602835
507898,0.12903225806451613
507899,0.0701219512195122
507900,0.04112554112554113
507901,0.039473684210526314
507902,0.024691358024691357
507903,0.0701219512195122
507904,0.09183673469387756
507905,0.018433179723502304
507906,0.0701219512195122
507907,0.15384615384615385
507908,0.04112554112554113
507909,0.04112554112554113
507910,0.04112554112554113
507911,0.38461538461538464
507912,0.039473684210526314
507913,0.04112554112554113
507914,0.018433179723502304
507915,0.16842105263157894
507916,0.018433179723502304
507917,0.30597014925373134
507918,0.018433179723502304
507919,0.039473684210526314
507920,0.5678339078369888
507921,0.09183673469387756
507922,0.21678321678321677
507923,0.07352941176470588
507924,0.008982035928143712
507925,0.0701219512195122
507926,0.04112554112554113
507927,0.018433179723502304
507928,0.018433179723502304
507929,0.07352941176470588
507930,0.21621621621621623
507931,0.0701219512195122
507932,0.018433179723502304
507933,0.04112554112554113
507934,0.024691358024691357
507935,0.6133333333333333
507936,0.018433179723502304
507937,0.17647058823529413
507938,0.0701219512195122
507939,0.008982035928143712
507940,0.008982035928143712
507941,0.07352941176470588
507942,0.07352941176470588
507943,0.008982035928143712
507944,0.17647058823529413
507945,0.0070921985815602835
507946,0.6133333333333333
507947,0.16842105263157894
507948,0.4444444444444444
507949,0.0
507950,0.018433179723502304
507951,0.0701219512195122
507952,0.008982035928143712
507953,0.058823529411764705
507954,0.07352941176470588
507955,0.07352941176470588
507956,0.07352941176470588
507957,0.06432748538011696
507958,0.1702127659574468
507959,0.039402141992871634
507960,0.1935483870967742
507961,0.3756345177664975
507962,0.039473684210526314
507963,0.0701219512195122
507964,0.04112554112554113
507965,0.17647058823529413
507966,0.12903225806451613
507967,0.07352941176470588
507968,0.12244897959183673
507969,0.0070921985815602835
507970,0.3756345177664975
507971,0.058823529411764705
507972,0.04112554112554113
507973,0.06432748538011696
507974,0.0070921985815602835
507975,0.039473684210526314
507976,0.1702127659574468
507977,0.0701219512195122
507978,0.039473684210526314
507979,0.1935483870967742
507980,0.3756345177664975
507981,0.04112554112554113
507982,0.018433179723502304
507983,0.0070921985815602835
507984,0.21621621621621623
507985,0.21678321678321677
507986,0.018433179723502304
507987,0.21678321678321677
507988,0.07352941176470588
507989,0.12244897959183673
507990,0.3756345177664975
507991,0.6133333333333333
507992,0.06432748538011696
507993,0.024691358024691357
507994,0.0701219512195122
507995,0.21678321678321677
507996,0.07352941176470588
507997,0.3756345177664975
507998,0.15384615384615385
507999,0.07352941176470588
508000,0.30597014925373134
508001,0.3756345177664975
508002,0.4444444444444444
508003,0.0070921985815602835
508004,0.1935483870967742
508005,0.09183673469387756
508006,0.06432748538011696
508007,0.15384615384615385
508008,0.84
508009,0.16842105263157894
508010,0.3756345177664975
508011,0.30597014925373134
508012,0.018433179723502304
508013,0.024691358024691357
508014,0.0070921985815602835
508015,0.018433179723502304
508016,0.16842105263157894
508017,0.024691358024691357
508018,0.04080629304234212
508019,0.1935483870967742
508020,0.38461538461538464
508021,0.039473684210526314
508022,0.12903225806451613
508023,0.039473684210526314
508024,0.058823529411764705
508025,0.12903225806451613
508026,0.17647058823529413
508027,0.21678321678321677
508028,0.12244897959183673
508029,0.018433179723502304
508030,0.06432748538011696
508031,0.008982035928143712
508032,0.0070921985815602835
508033,0.0701219512195122
508034,0.16842105263157894
508035,0.12244897959183673
508036,0.039473684210526314
508037,0.6133333333333333
508038,0.17647058823529413
508039,0.07352941176470588
508040,0.04112554112554113
508041,0.16842105263157894
508042,0.15384615384615385
508043,0.12903225806451613
508044,0.039473684210526314
508045,0.018433179723502304
508046,0.018433179723502304
508047,0.06432748538011696
508048,0.21678321678321677
508049,0.0701219512195122
508050,0.04112554112554113
508051,0.30597014925373134
508052,0.6428571428571429
508053,0.0701219512195122
508054,0.6428571428571429
508055,0.4444444444444444
508056,0.008982035928143712
508057,0.1935483870967742
508058,0.07352941176470588
508059,0.04112554112554113
508060,0.027754484524644175
508061,0.024691358024691357
508062,0.3756345177664975
508063,0.04112554112554113
508064,0.6428571428571429
508065,0.38461538461538464
508066,0.039473684210526314
508067,0.0701219512195122
508068,0.008982035928143712
508069,0.0070921985815602835
508070,0.04112554112554113
508071,0.018433179723502304
508072,0.3756345177664975
508073,0.018433179723502304
508074,0.04112554112554113
508075,0.0701219512195122
508076,0.06432748538011696
508077,0.0
508078,0.04112554112554113
508079,0.16842105263157894
508080,0.018433179723502304
508081,0.018433179723502304
508082,0.84
508083,0.3333333333333333
508084,0.21678321678321677
508085,0.12903225806451613
508086,0.018433179723502304
508087,0.024691358024691357
508088,0.008982035928143712
508089,0.04112554112554113
508090,0.07352941176470588
508091,0.04112554112554113
508092,0.024691358024691357
508093,0.1702127659574468
508094,0.06432748538011696
508095,0.058823529411764705
508096,0.3756345177664975
508097,0.039473684210526314
508098,0.04112554112554113
508099,0.6428571428571429
508100,0.1702127659574468
508101,0.039473684210526314
508102,0.06432748538011696
508103,0.018433179723502304
508104,0.12903225806451613
508105,0.4444444444444444
508106,0.3756345177664975
508107,0.018433179723502304
508108,0.024691358024691357
508109,0.6428571428571429
508110,0.039473684210526314
508111,0.018433179723502304
508112,0.0701219512195122
508113,0.17647058823529413
508114,0.21678321678321677
508115,0.17647058823529413
508116,0.21678321678321677
508117,0.018433179723502304
508118,0.0
508119,0.018433179723502304
508120,0.6
508121,0.21678321678321677
508122,0.058823529411764705
508123,0.018433179723502304
508124,0.16842105263157894
508125,0.06432748538011696
508126,0.0701219512195122
508127,0.4444444444444444
508128,0.018433179723502304
508129,0.16842105263157894
508130,0.0070921985815602835
508131,0.018433179723502304
508132,0.0070921985815602835
508133,0.058823529411764705
508134,0.039473684210526314
508135,0.07352941176470588
508136,0.04112554112554113
508137,0.008982035928143712
508138,0.0701219512195122
508139,0.21678321678321677
508140,0.0070921985815602835
508141,0.0701219512195122
508142,0.3756345177664975
508143,0.1702127659574468
508144,0.018433179723502304
508145,0.21678321678321677
508146,0.04112554112554113
508147,0.21621621621621623
508148,0.17647058823529413
508149,0.16842105263157894
508150,0.21678321678321677
508151,0.21621621621621623
508152,0.21678321678321677
508153,0.018433179723502304
508154,0.1111111111111111
508155,0.1702127659574468
508156,0.018433179723502304
508157,0.018433179723502304
508158,0.1935483870967742
508159,0.039473684210526314
508160,0.21621621621621623
508161,0.1702127659574468
508162,0.008982035928143712
508163,0.04112554112554113
508164,0.4444444444444444
508165,0.17647058823529413
508166,0.04112554112554113
508167,0.0701219512195122
508168,0.4444444444444444
508169,0.018433179723502304
508170,0.04112554112554113
508171,0.07352941176470588
508172,0.3756345177664975
508173,0.06432748538011696
508174,0.21678321678321677
508175,0.3756345177664975
508176,0.04112554112554113
508177,0.1935483870967742
508178,0.21678321678321677
508179,0.018433179723502304
508180,0.024691358024691357
508181,0.12244897959183673
508182,0.058823529411764705
508183,0.039473684210526314
508184,0.058823529411764705
508185,0.008982035928143712
508186,0.06432748538011696
508187,0.38461538461538464
508188,0.6133333333333333
508189,0.0070921985815602835
508190,0.058823529411764705
508191,0.07352941176470588
508192,0.0701219512195122
508193,0.12244897959183673
508194,0.039473684210526314
508195,0.018433179723502304
508196,0.008982035928143712
508197,0.30597014925373134
508198,0.04112554112554113
508199,0.04112554112554113
508200,0.6133333333333333
508201,0.04112554112554113
508202,0.09183673469387756
508203,0.04112554112554113
508204,0.04112554112554113
508205,0.6428571428571429
508206,0.1702127659574468
508207,0.06432748538011696
508208,0.0701219512195122
508209,0.018433179723502304
508210,0.039473684210526314
508211,0.008982035928143712
508212,0.018433179723502304
508213,0.0070921985815602835
508214,0.018433179723502304
508215,0.0070921985815602835
508216,0.21678321678321677
508217,0.04112554112554113
508218,0.018433179723502304
508219,0.4444444444444444
508220,0.21678321678321677
508221,0.058823529411764705
508222,0.039473684210526314
508223,0.018433179723502304
508224,0.0701219512195122
508225,0.21621621621621623
508226,0.12903225806451613
508227,0.018433179723502304
508228,0.018433179723502304
508229,0.0701219512195122
508230,0.1702127659574468
508231,0.058823529411764705
508232,0.04112554112554113
508233,0.4444444444444444
508234,0.06432748538011696
508235,0.06432748538011696
508236,0.04112554112554113
508237,0.008982035928143712
508238,0.039473684210526314
508239,0.38461538461538464
508240,0.008982035928143712
508241,0.21678321678321677
508242,0.0070921985815602835
508243,0.008982035928143712
508244,0.058823529411764705
508245,0.04112554112554113
508246,0.07352941176470588
508247,0.6428571428571429
508248,0.018433179723502304
508249,0.3756345177664975
508250,0.018433179723502304
508251,0.1702127659574468
508252,0.09183673469387756
508253,0.008982035928143712
508254,0.21678321678321677
508255,0.018433179723502304
508256,0.09183673469387756
508257,0.30597014925373134
508258,0.06432748538011696
508259,0.1935483870967742
508260,0.30597014925373134
508261,0.018433179723502304
508262,0.018433179723502304
508263,0.008982035928143712
508264,0.018433179723502304
508265,0.04112554112554113
508266,0.12244897959183673
508267,0.0
508268,0.21621621621621623
508269,0.039473684210526314
508270,0.6428571428571429
508271,0.30597014925373134
508272,0.0070921985815602835
508273,0.04112554112554113
508274,0.039473684210526314
508275,0.0701219512195122
508276,0.06432748538011696
508277,0.008982035928143712
508278,0.12903225806451613
508279,0.0701219512195122
508280,0.8181818181818182
508281,0.21678321678321677
508282,0.0701219512195122
508283,0.16842105263157894
508284,0.16842105263157894
508285,0.16842105263157894
508286,0.1702127659574468
508287,0.16842105263157894
508288,0.1935483870967742
508289,0.04112554112554113
508290,0.07352941176470588
508291,0.039473684210526314
508292,0.17647058823529413
508293,0.04112554112554113
508294,0.06432748538011696
508295,0.04112554112554113
508296,0.6133333333333333
508297,0.0701219512195122
508298,0.09183673469387756
508299,0.21621621621621623
508300,0.039473684210526314
508301,0.06432748538011696
508302,0.0701219512195122
508303,0.024691358024691357
508304,0.6428571428571429
508305,0.0070921985815602835
508306,0.4444444444444444
508307,0.07352941176470588
508308,0.04112554112554113
508309,0.018433179723502304
508310,0.018433179723502304
508311,0.06432748538011696
508312,0.1935483870967742
508313,0.0701219512195122
508314,0.07352941176470588
508315,0.008982035928143712
508316,0.0
508317,0.008982035928143712
508318,0.008982035928143712
508319,0.058823529411764705
508320,0.0701219512195122
508321,0.008982035928143712
508322,0.06432748538011696
508323,0.04112554112554113
508324,0.0070921985815602835
508325,0.008982035928143712
508326,0.16842105263157894
508327,0.008982035928143712
508328,0.07352941176470588
508329,0.0
508330,0.058823529411764705
508331,0.06432748538011696
508332,0.008982035928143712
508333,0.039473684210526314
508334,0.04112554112554113
508335,0.06432748538011696
508336,0.07352941176470588
508337,0.018433179723502304
508338,0.04112554112554113
508339,0.1702127659574468
508340,0.04112554112554113
508341,0.008982035928143712
508342,0.039473684210526314
508343,0.008982035928143712
508344,0.12903225806451613
508345,0.84
508346,0.12903225806451613
508347,0.008982035928143712
508348,0.0701219512195122
508349,0.3333333333333333
508350,0.09183673469387756
508351,0.04112554112554113
508352,0.21621621621621623
508353,0.04112554112554113
508354,0.1702127659574468
508355,0.21678321678321677
508356,0.1935483870967742
508357,0.039473684210526314
508358,0.018433179723502304
508359,0.018433179723502304
508360,0.6133333333333333
508361,0.008982035928143712
508362,0.07352941176470588
508363,0.04112554112554113
508364,0.3333333333333333
508365,0.17647058823529413
508366,0.84
508367,0.018433179723502304
508368,0.039473684210526314
508369,0.3756345177664975
508370,0.0
508371,0.3333333333333333
508372,0.018433179723502304
508373,0.21678321678321677
508374,0.21621621621621623
508375,0.30597014925373134
508376,0.3333333333333333
508377,0.17647058823529413
508378,0.07352941176470588
508379,0.018433179723502304
508380,0.12244897959183673
508381,0.30597014925373134
508382,0.008982035928143712
508383,0.039473684210526314
508384,0.04112554112554113
508385,0.018433179723502304
508386,0.0070921985815602835
508387,0.039473684210526314
508388,0.12244897959183673
508389,0.04112554112554113
508390,0.018433179723502304
508391,0.07352941176470588
508392,0.06432748538011696
508393,0.008982035928143712
508394,0.018433179723502304
508395,0.04112554112554113
508396,0.07352941176470588
508397,0.0070921985815602835
508398,0.0070921985815602835
508399,0.018433179723502304
508400,0.0070921985815602835
508401,0.06432748538011696
508402,0.4444444444444444
508403,0.21678321678321677
508404,0.07352941176470588
508405,0.04112554112554113
508406,0.024691358024691357
508407,0.024691358024691357
508408,0.1935483870967742
508409,0.018433179723502304
508410,0.07352941176470588
508411,0.07352941176470588
508412,0.1935483870967742
508413,0.008982035928143712
508414,0.16842105263157894
508415,0.07352941176470588
508416,0.07352941176470588
508417,0.17647058823529413
508418,0.16842105263157894
508419,0.21678321678321677
508420,0.06432748538011696
508421,0.024691358024691357
508422,0.008982035928143712
508423,0.039473684210526314
508424,0.0
508425,0.018433179723502304
508426,0.0701219512195122
508427,0.6133333333333333
508428,0.018433179723502304
508429,0.0070921985815602835
508430,0.018433179723502304
508431,0.12244897959183673
508432,0.3756345177664975
508433,0.0070921985815602835
508434,0.17647058823529413
508435,0.0070921985815602835
508436,0.06432748538011696
508437,0.018433179723502304
508438,0.039473684210526314
508439,0.16842105263157894
508440,0.07352941176470588
508441,0.84
508442,0.0701219512195122
508443,0.008982035928143712
508444,0.018433179723502304
508445,0.0
508446,0.6133333333333333
508447,0.018433179723502304
508448,0.018433179723502304
508449,0.4444444444444444
508450,0.04112554112554113
508451,0.21678321678321677
508452,0.018433179723502304
508453,0.018433179723502304
508454,0.04112554112554113
508455,0.024691358024691357
508456,0.0070921985815602835
508457,0.15384615384615385
508458,0.0070921985815602835
508459,0.84
508460,0.06432748538011696
508461,0.17647058823529413
508462,0.21678321678321677
508463,0.8885070543541757
508464,0.16842105263157894
508465,0.21621621621621623
508466,0.018433179723502304
508467,0.024691358024691357
508468,0.1702127659574468
508469,0.21678321678321677
508470,0.04112554112554113
508471,0.018433179723502304
508472,0.008982035928143712
508473,0.008982035928143712
508474,0.15384615384615385
508475,0.04112554112554113
508476,0.0701219512195122
508477,0.017458357273697385
508478,0.12903225806451613
508479,0.0070921985815602835
508480,0.6428571428571429
508481,0.16842105263157894
508482,0.0701219512195122
508483,0.09183673469387756
508484,0.04112554112554113
508485,0.0
508486,0.0070921985815602835
508487,0.058823529411764705
508488,0.018433179723502304
508489,0.039473684210526314
508490,0.0701219512195122
508491,0.5882352941176471
508492,0.008982035928143712
508493,0.04112554112554113
508494,0.21678321678321677
508495,0.024691358024691357
508496,0.21678321678321677
508497,0.6334000082654571
508498,0.06432748538011696
508499,0.09183673469387756
508500,0.018433179723502304
508501,0.6133333333333333
508502,0.17647058823529413
508503,0.3756345177664975
508504,0.039473684210526314
508505,0.07352941176470588
508506,0.17647058823529413
508507,0.21678321678321677
508508,0.041101220218786816
508509,0.06432748538011696
508510,0.04112554112554113
508511,0.0701219512195122
508512,0.024691358024691357
508513,0.024691358024691357
508514,0.04112554112554113
508515,0.38461538461538464
508516,0.07352941176470588
508517,0.039473684210526314
508518,0.024691358024691357
508519,0.3756345177664975
508520,0.04112554112554113
508521,0.07352941176470588
508522,0.16842105263157894
508523,0.21678321678321677
508524,0.09183673469387756
508525,0.0070921985815602835
508526,0.008982035928143712
508527,0.04112554112554113
508528,0.1702127659574468
508529,0.008982035928143712
508530,0.17647058823529413
508531,0.06432748538011696
508532,0.039473684210526314
508533,0.04112554112554113
508534,0.09183673469387756
508535,0.21621621621621623
508536,0.008982035928143712
508537,0.1935483870967742
508538,0.018433179723502304
508539,0.6428571428571429
508540,0.0701219512195122
508541,0.04112554112554113
508542,0.018433179723502304
508543,0.008982035928143712
508544,0.018433179723502304
508545,0.018433179723502304
508546,0.21621621621621623
508547,0.21621621621621623
508548,0.3756345177664975
508549,0.058823529411764705
508550,0.04112554112554113
508551,0.21678321678321677
508552,0.008982035928143712
508553,0.12244897959183673
508554,0.0701219512195122
508555,0.018433179723502304
508556,0.039473684210526314
508557,0.018433179723502304
508558,0.07352941176470588
508559,0.04112554112554113
508560,0.024691358024691357
508561,0.6428571428571429
508562,0.12903225806451613
508563,0.21621621621621623
508564,0.058823529411764705
508565,0.018433179723502304
508566,0.039473684210526314
508567,0.30597014925373134
508568,0.6666666666666666
508569,0.16842105263157894
508570,0.018433179723502304
508571,0.04112554112554113
508572,0.06432748538011696
508573,0.024691358024691357
508574,0.058823529411764705
508575,0.17647058823529413
508576,0.0070921985815602835
508577,0.008982035928143712
508578,0.008982035928143712
508579,0.024691358024691357
508580,0.058823529411764705
508581,0.30597014925373134
508582,0.30597014925373134
508583,0.0701219512195122
508584,0.018433179723502304
508585,0.3756345177664975
508586,0.039473684210526314
508587,0.024691358024691357
508588,0.16842105263157894
508589,0.06432748538011696
508590,0.024691358024691357
508591,0.21621621621621623
508592,0.06432748538011696
508593,0.024691358024691357
508594,0.04112554112554113
508595,0.21621621621621623
508596,0.0070921985815602835
508597,0.04112554112554113
508598,0.04112554112554113
508599,0.058823529411764705
508600,0.04112554112554113
508601,0.04112554112554113
508602,0.21678321678321677
508603,0.21678321678321677
508604,0.024691358024691357
508605,0.07352941176470588
508606,0.04112554112554113
508607,0.1702127659574468
508608,0.018433179723502304
508609,0.024691358024691357
508610,0.04112554112554113
508611,0.06432748538011696
508612,0.30597014925373134
508613,0.17647058823529413
508614,0.008982035928143712
508615,0.07352941176470588
508616,0.058823529411764705
508617,0.0070921985815602835
508618,0.17647058823529413
508619,0.018433179723502304
508620,0.018433179723502304
508621,0.058823529411764705
508622,0.024691358024691357
508623,0.4444444444444444
508624,0.008982035928143712
508625,0.008982035928143712
508626,0.21678321678321677
508627,0.06432748538011696
508628,0.07352941176470588
508629,0.3756345177664975
508630,0.1935483870967742
508631,0.6133333333333333
508632,0.07352941176470588
508633,0.008982035928143712
508634,0.0701219512195122
508635,0.008982035928143712
508636,0.04112554112554113
508637,0.21621621621621623
508638,0.04112554112554113
508639,0.024691358024691357
508640,0.1935483870967742
508641,0.039473684210526314
508642,0.16842105263157894
508643,0.058823529411764705
508644,0.018433179723502304
508645,0.04112554112554113
508646,0.018433179723502304
508647,0.3756345177664975
508648,0.09183673469387756
508649,0.0701219512195122
508650,0.0701219512195122
508651,0.018433179723502304
508652,0.022764788128816205
508653,0.018433179723502304
508654,0.16842105263157894
508655,0.0701219512195122
508656,0.0
508657,0.12903225806451613
508658,0.07352941176470588
508659,0.018433179723502304
508660,0.30597014925373134
508661,0.1702127659574468
508662,0.058823529411764705
508663,0.024691358024691357
508664,0.12903225806451613
508665,0.16842105263157894
508666,0.09183673469387756
508667,0.1935483870967742
508668,0.018433179723502304
508669,0.12244897959183673
508670,0.024691358024691357
508671,0.1111111111111111
508672,0.1702127659574468
508673,0.04112554112554113
508674,0.3865315239361695
508675,0.21678321678321677
508676,0.16842105263157894
508677,0.3154552622565409
508678,0.30597014925373134
508679,0.024691358024691357
508680,0.09183673469387756
508681,0.0701219512195122
508682,0.039473684210526314
508683,0.04112554112554113
508684,0.07352941176470588
508685,0.5882352941176471
508686,0.6428571428571429
508687,0.0070921985815602835
508688,0.0070921985815602835
508689,0.07352941176470588
508690,0.04112554112554113
508691,0.09183673469387756
508692,0.018433179723502304
508693,0.06432748538011696
508694,0.04112554112554113
508695,0.0
508696,0.024691358024691357
508697,0.04112554112554113
508698,0.12903225806451613
508699,0.018433179723502304
508700,0.0701219512195122
508701,0.09183673469387756
508702,0.039473684210526314
508703,0.058823529411764705
508704,0.008982035928143712
508705,0.17647058823529413
508706,0.04112554112554113
508707,0.008982035928143712
508708,0.16842105263157894
508709,0.12903225806451613
508710,0.16842105263157894
508711,0.07352941176470588
508712,0.0070921985815602835
508713,0.07352941176470588
508714,0.07352941176470588
508715,0.0701219512195122
508716,0.0701219512195122
508717,0.21678321678321677
508718,0.018433179723502304
508719,0.12903225806451613
508720,0.30597014925373134
508721,0.4444444444444444
508722,0.12244897959183673
508723,0.039473684210526314
508724,0.008982035928143712
508725,0.058823529411764705
508726,0.0070921985815602835
508727,0.3756345177664975
508728,0.008982035928143712
508729,0.024691358024691357
508730,0.04112554112554113
508731,0.21621621621621623
508732,0.3756345177664975
508733,0.058823529411764705
508734,0.008982035928143712
508735,0.06432748538011696
508736,0.0701219512195122
508737,0.04112554112554113
508738,0.04112554112554113
508739,0.018433179723502304
508740,0.04112554112554113
508741,0.6133333333333333
508742,0.3756345177664975
508743,0.21678321678321677
508744,0.16842105263157894
508745,0.30597014925373134
508746,0.17647058823529413
508747,0.3756345177664975
508748,0.06432748538011696
508749,0.018433179723502304
508750,0.039473684210526314
508751,0.0701219512195122
508752,0.008982035928143712
508753,0.0701219512195122
508754,0.0070921985815602835
508755,0.039473684210526314
508756,0.018433179723502304
508757,0.04112554112554113
508758,0.0070921985815602835
508759,0.6428571428571429
508760,0.09183673469387756
508761,0.16842105263157894
508762,0.024691358024691357
508763,0.21678321678321677
508764,0.07352941176470588
508765,0.06432748538011696
508766,0.1935483870967742
508767,0.0701219512195122
508768,0.04112554112554113
508769,0.5882352941176471
508770,0.024691358024691357
508771,0.04112554112554113
508772,0.6133333333333333
508773,0.07352941176470588
508774,0.04112554112554113
508775,0.008982035928143712
508776,0.06432748538011696
508777,0.018433179723502304
508778,0.008982035928143712
508779,0.21678321678321677
508780,0.018433179723502304
508781,0.018433179723502304
508782,0.04112554112554113
508783,0.0701219512195122
508784,0.04112554112554113
508785,0.018433179723502304
508786,0.4444444444444444
508787,0.0070921985815602835
508788,0.008982035928143712
508789,0.21678321678321677
508790,0.018433179723502304
508791,0.1935483870967742
508792,0.039473684210526314
508793,0.16842105263157894
508794,0.0070921985815602835
508795,0.12903225806451613
508796,0.4444444444444444
508797,0.039473684210526314
508798,0.008982035928143712
508799,0.17647058823529413
508800,0.0070921985815602835
508801,0.30597014925373134
508802,0.008982035928143712
508803,0.12244897959183673
508804,0.1702127659574468
508805,0.30597014925373134
508806,0.04112554112554113
508807,0.04112554112554113
508808,0.058823529411764705
508809,0.0070921985815602835
508810,0.06432748538011696
508811,0.21621621621621623
508812,0.0701219512195122
508813,0.0070921985815602835
508814,0.16842105263157894
508815,0.06432748538011696
508816,0.1935483870967742
508817,0.21678321678321677
508818,0.21678321678321677
508819,0.21678321678321677
508820,0.008982035928143712
508821,0.0
508822,0.0070921985815602835
508823,0.1935483870967742
508824,0.1935483870967742
508825,0.17647058823529413
508826,0.06432748538011696
508827,0.07352941176470588
508828,0.058823529411764705
508829,0.018433179723502304
508830,0.1935483870967742
508831,0.04112554112554113
508832,0.09183673469387756
508833,0.0701219512195122
508834,0.058823529411764705
508835,0.30597014925373134
508836,0.039473684210526314
508837,0.30597014925373134
508838,0.039473684210526314
508839,0.4444444444444444
508840,0.04112554112554113
508841,0.008982035928143712
508842,0.21678321678321677
508843,0.21678321678321677
508844,0.018433179723502304
508845,0.008982035928143712
508846,0.04112554112554113
508847,0.008982035928143712
508848,0.1935483870967742
508849,0.21678321678321677
508850,0.1702127659574468
508851,0.0701219512195122
508852,0.09183673469387756
508853,0.018433179723502304
508854,0.018433179723502304
508855,0.0
508856,0.84
508857,0.04112554112554113
508858,0.3756345177664975
508859,0.008982035928143712
508860,0.07352941176470588
508861,0.21678321678321677
508862,0.1702127659574468
508863,0.018433179723502304
508864,0.06432748538011696
508865,0.06432748538011696
508866,0.6666666666666666
508867,0.0070921985815602835
508868,0.039473684210526314
508869,0.018433179723502304
508870,0.0
508871,0.04112554112554113
508872,0.84
508873,0.21678321678321677
508874,0.039473684210526314
508875,0.6133333333333333
508876,0.12903225806451613
508877,0.039473684210526314
508878,0.1935483870967742
508879,0.06432748538011696
508880,0.04112554112554113
508881,0.008982035928143712
508882,0.09183673469387756
508883,0.1935483870967742
508884,0.0070921985815602835
508885,0.008982035928143712
508886,0.07352941176470588
508887,0.6428571428571429
508888,0.16842105263157894
508889,0.06432748538011696
508890,0.0070921985815602835
508891,0.04112554112554113
508892,0.4444444444444444
508893,0.04112554112554113
508894,0.039473684210526314
508895,0.12903225806451613
508896,0.018433179723502304
508897,0.3756345177664975
508898,0.04112554112554113
508899,0.06432748538011696
508900,0.0
508901,0.30597014925373134
508902,0.008982035928143712
508903,0.018433179723502304
508904,1.0
508905,0.21678321678321677
508906,0.018433179723502304
508907,0.04112554112554113
508908,0.1935483870967742
508909,0.17647058823529413
508910,0.3756345177664975
508911,0.17647058823529413
508912,0.1935483870967742
508913,0.12903225806451613
508914,0.0070921985815602835
508915,0.07352941176470588
508916,0.21678321678321677
508917,0.1702127659574468
508918,0.018433179723502304
508919,0.058823529411764705
508920,0.018433179723502304
508921,0.07352941176470588
508922,0.17647058823529413
508923,0.008982035928143712
508924,0.008982035928143712
508925,0.04112554112554113
508926,0.16842105263157894
508927,0.21678321678321677
508928,0.3333333333333333
508929,0.06432748538011696
508930,0.12903225806451613
508931,0.1935483870967742
508932,0.039473684210526314
508933,0.4444444444444444
508934,0.0701219512195122
508935,0.058823529411764705
508936,0.008982035928143712
508937,0.6
508938,0.07352941176470588
508939,0.018433179723502304
508940,0.0701219512195122
508941,0.3756345177664975
508942,0.018433179723502304
508943,0.058823529411764705
508944,0.024691358024691357
508945,0.07352941176470588
508946,0.6666666666666666
508947,0.008982035928143712
508948,0.6428571428571429
508949,0.0070921985815602835
508950,0.15384615384615385
508951,0.3756345177664975
508952,0.06432748538011696
508953,0.16842105263157894
508954,0.058823529411764705
508955,0.30597014925373134
508956,0.07352941176470588
508957,0.04112554112554113
508958,0.0070921985815602835
508959,0.008982035928143712
508960,0.09183673469387756
508961,0.30597014925373134
508962,0.04112554112554113
508963,0.0701219512195122
508964,0.07352941176470588
508965,0.0
508966,0.21678321678321677
508967,0.07352941176470588
508968,0.6428571428571429
508969,0.21678321678321677
508970,0.008982035928143712
508971,0.1935483870967742
508972,0.018433179723502304
508973,0.6133333333333333
508974,0.07352941176470588
508975,0.018433179723502304
508976,0.12903225806451613
508977,0.21678321678321677
508978,0.0701219512195122
508979,0.0701219512195122
508980,0.21678321678321677
508981,0.04112554112554113
508982,0.039473684210526314
508983,0.16842105263157894
508984,0.04112554112554113
508985,0.07352941176470588
508986,0.21621621621621623
508987,0.5882352941176471
508988,0.07352941176470588
508989,0.008982035928143712
508990,0.008982035928143712
508991,0.0070921985815602835
508992,0.058823529411764705
508993,0.039473684210526314
508994,0.018433179723502304
508995,0.018433179723502304
508996,0.12903225806451613
508997,0.039473684210526314
508998,0.6428571428571429
508999,0.5882352941176471
509000,0.0701219512195122
509001,0.07352941176470588
509002,0.12903225806451613
509003,0.024691358024691357
509004,0.1935483870967742
509005,0.3756345177664975
509006,0.07352941176470588
509007,0.039473684210526314
509008,0.018433179723502304
509009,0.018433179723502304
509010,0.1935483870967742
509011,0.0
509012,0.3756345177664975
509013,0.21621621621621623
509014,0.07352941176470588
509015,0.21678321678321677
509016,0.1935483870967742
509017,0.09183673469387756
509018,0.0070921985815602835
509019,0.21678321678321677
509020,0.008982035928143712
509021,0.30597014925373134
509022,0.21621621621621623
509023,0.21678321678321677
509024,0.0701219512195122
509025,0.06432748538011696
509026,0.06432748538011696
509027,0.04112554112554113
509028,0.039473684210526314
509029,0.07352941176470588
509030,0.1935483870967742
509031,0.17647058823529413
509032,0.07352941176470588
509033,0.16842105263157894
509034,0.12903225806451613
509035,0.018433179723502304
509036,0.06432748538011696
509037,0.17647058823529413
509038,0.3333333333333333
509039,0.039473684210526314
509040,0.018433179723502304
509041,0.008982035928143712
509042,0.6133333333333333
509043,0.12244897959183673
509044,0.04112554112554113
509045,0.0070921985815602835
509046,0.018433179723502304
509047,0.018433179723502304
509048,0.008982035928143712
509049,0.0701219512195122
509050,0.058823529411764705
509051,0.04112554112554113
509052,0.04112554112554113
509053,0.0701219512195122
509054,0.0
509055,0.0070921985815602835
509056,0.3756345177664975
509057,0.04112554112554113
509058,0.04112554112554113
509059,0.058823529411764705
509060,0.1702127659574468
509061,0.03738019274264743
509062,0.018433179723502304
509063,0.0070921985815602835
509064,0.5
509065,0.16842105263157894
509066,0.06432748538011696
509067,0.3756345177664975
509068,0.16842105263157894
509069,0.07352941176470588
509070,0.06432748538011696
509071,0.21678321678321677
509072,0.16842105263157894
509073,0.018433179723502304
509074,0.30597014925373134
509075,0.058823529411764705
509076,0.12903225806451613
509077,0.018433179723502304
509078,0.3756345177664975
509079,0.0701219512195122
509080,0.0701219512195122
509081,0.12903225806451613
509082,0.06432748538011696
509083,0.1702127659574468
509084,0.6133333333333333
509085,0.1702127659574468
509086,0.0701219512195122
509087,0.024691358024691357
509088,0.04112554112554113
509089,0.16842105263157894
509090,0.058823529411764705
509091,0.04112554112554113
509092,0.04112554112554113
509093,0.4444444444444444
509094,0.018433179723502304
509095,0.039473684210526314
509096,0.018433179723502304
509097,0.07352941176470588
509098,0.17647058823529413
509099,0.07352941176470588
509100,0.039473684210526314
509101,0.039473684210526314
509102,0.0701219512195122
509103,0.039473684210526314
509104,0.0701219512195122
509105,0.0070921985815602835
509106,0.07352941176470588
509107,0.0701219512195122
509108,0.3756345177664975
509109,0.84
509110,0.0701219512195122
509111,0.0701219512195122
509112,0.024691358024691357
509113,0.06432748538011696
509114,0.21678321678321677
509115,0.024691358024691357
509116,0.039473684210526314
509117,0.04112554112554113
509118,0.039473684210526314
509119,0.21678321678321677
509120,0.38461538461538464
509121,0.0701219512195122
509122,0.07352941176470588
509123,0.04112554112554113
509124,0.4444444444444444
509125,0.0070921985815602835
509126,0.008982035928143712
509127,0.024691358024691357
509128,0.21678321678321677
509129,0.0701219512195122
509130,0.04112554112554113
509131,0.06432748538011696
509132,0.0701219512195122
509133,0.0701219512195122
509134,0.018433179723502304
509135,0.039473684210526314
509136,0.058823529411764705
509137,0.0070921985815602835
509138,0.058823529411764705
509139,0.06432748538011696
509140,0.21678321678321677
509141,0.008982035928143712
509142,0.024691358024691357
509143,0.04112554112554113
509144,0.018433179723502304
509145,0.15384615384615385
509146,0.058823529411764705
509147,0.018433179723502304
509148,0.21621621621621623
509149,0.039473684210526314
509150,0.4444444444444444
509151,0.039473684210526314
509152,0.16842105263157894
509153,0.0070921985815602835
509154,0.008982035928143712
509155,0.04112554112554113
509156,0.3756345177664975
509157,0.058823529411764705
509158,0.15384615384615385
509159,0.0
509160,0.21678321678321677
509161,0.0070921985815602835
509162,0.04112554112554113
509163,0.04112554112554113
509164,0.17647058823529413
509165,0.07352941176470588
509166,0.0070921985815602835
509167,0.30597014925373134
509168,0.024691358024691357
509169,0.3756345177664975
509170,0.0
509171,0.008982035928143712
509172,0.008982035928143712
509173,0.5920756648583505
509174,0.21621621621621623
509175,0.3294583575866584
509176,0.1935483870967742
509177,0.07352941176470588
509178,0.09183673469387756
509179,0.3756345177664975
509180,0.1935483870967742
509181,0.21678321678321677
509182,0.04112554112554113
509183,0.1111111111111111
509184,0.018433179723502304
509185,0.07352941176470588
509186,0.16842105263157894
509187,0.3756345177664975
509188,0.21678321678321677
509189,0.12903225806451613
509190,0.058823529411764705
509191,0.04112554112554113
509192,0.04112554112554113
509193,0.039473684210526314
509194,0.04112554112554113
509195,0.07352941176470588
509196,0.04112554112554113
509197,0.0701219512195122
509198,0.07352941176470588
509199,0.21678321678321677
509200,0.3081640560758846
509201,0.07352941176470588
509202,0.0
509203,0.018433179723502304
509204,0.21621621621621623
509205,0.4444444444444444
509206,0.06432748538011696
509207,0.21621621621621623
509208,0.008982035928143712
509209,0.039473684210526314
509210,0.06432748538011696
509211,0.30597014925373134
509212,0.30597014925373134
509213,0.018433179723502304
509214,0.21621621621621623
509215,0.21678321678321677
509216,0.039473684210526314
509217,0.04112554112554113
509218,0.04112554112554113
509219,0.024691358024691357
509220,0.0
509221,0.8353937952122618
509222,0.04112554112554113
509223,0.07352941176470588
509224,0.04112554112554113
509225,0.018433179723502304
509226,0.21678321678321677
509227,0.3756345177664975
509228,0.21678321678321677
509229,0.12244897959183673
509230,0.07352941176470588
509231,0.008982035928143712
509232,0.21621621621621623
509233,0.008982035928143712
509234,0.04112554112554113
509235,0.8225773968847914
509236,0.018433179723502304
509237,0.30597014925373134
509238,0.09183673469387756
509239,0.12903225806451613
509240,0.07352941176470588
509241,0.018433179723502304
509242,0.30597014925373134
509243,0.17647058823529413
509244,0.039473684210526314
509245,0.4444444444444444
509246,0.018433179723502304
509247,0.21621621621621623
509248,0.008982035928143712
509249,0.0701219512195122
509250,0.06432748538011696
509251,0.09183673469387756
509252,0.0070921985815602835
509253,0.04112554112554113
509254,0.008982035928143712
509255,0.1702127659574468
509256,0.21621621621621623
509257,0.1702127659574468
509258,0.018433179723502304
509259,0.3756345177664975
509260,0.039473684210526314
509261,0.0701219512195122
509262,0.018433179723502304
509263,0.09183673469387756
509264,0.018433179723502304
509265,0.008982035928143712
509266,0.04112554112554113
509267,0.6428571428571429
509268,0.04112554112554113
509269,0.21678321678321677
509270,0.04112554112554113
509271,0.6133333333333333
509272,0.21678321678321677
509273,0.0701219512195122
509274,0.0070921985815602835
509275,0.30597014925373134
509276,0.20914917655502885
509277,0.30597014925373134
509278,0.16842105263157894
509279,0.024691358024691357
509280,0.058823529411764705
509281,1.0
509282,0.040784600336883185
509283,0.058823529411764705
509284,0.12244897959183673
509285,0.07352941176470588
509286,0.018433179723502304
509287,0.07352941176470588
509288,0.039473684210526314
509289,0.21678321678321677
509290,0.09183673469387756
509291,0.0701219512195122
509292,0.3756345177664975
509293,0.008982035928143712
509294,0.07352941176470588
509295,0.008982035928143712
509296,0.008982035928143712
509297,0.04112554112554113
509298,0.0070921985815602835
509299,0.3756345177664975
509300,0.039473684210526314
509301,0.008982035928143712
509302,0.018433179723502304
509303,0.0701219512195122
509304,0.039473684210526314
509305,0.0701219512195122
509306,0.17647058823529413
509307,0.12244897959183673
509308,0.039473684210526314
509309,0.21678321678321677
509310,0.04112554112554113
509311,0.04112554112554113
509312,0.04112554112554113
509313,0.058823529411764705
509314,0.039473684210526314
509315,0.04112554112554113
509316,0.17647058823529413
509317,0.024691358024691357
509318,0.018433179723502304
509319,0.0070921985815602835
509320,0.0070921985815602835
509321,0.04112554112554113
509322,0.04112554112554113
509323,0.3756345177664975
509324,0.0701219512195122
509325,0.008982035928143712
509326,0.17647058823529413
509327,0.0701219512195122
509328,0.06432748538011696
509329,0.008982035928143712
509330,0.0701219512195122
509331,0.018433179723502304
509332,0.04112554112554113
509333,0.04112554112554113
509334,0.8181818181818182
509335,0.04112554112554113
509336,0.008982035928143712
509337,0.21621621621621623
509338,0.21678321678321677
509339,0.21621621621621623
509340,0.06432748538011696
509341,0.12244897959183673
509342,0.21678321678321677
509343,0.024691358024691357
509344,0.07352941176470588
509345,0.3756345177664975
509346,0.04112554112554113
509347,0.1702127659574468
509348,0.3756345177664975
509349,0.0701219512195122
509350,0.039473684210526314
509351,0.3756345177664975
509352,0.17647058823529413
509353,0.0070921985815602835
509354,0.4444444444444444
509355,0.21678321678321677
509356,0.1935483870967742
509357,0.0070921985815602835
509358,0.21621621621621623
509359,0.04112554112554113
509360,0.018433179723502304
509361,0.21621621621621623
509362,0.04112554112554113
509363,0.024691358024691357
509364,0.07352941176470588
509365,0.039473684210526314
509366,0.21678321678321677
509367,0.04112554112554113
509368,0.008982035928143712
509369,0.0701219512195122
509370,0.0070921985815602835
509371,0.018433179723502304
509372,0.0
509373,0.21678321678321677
509374,0.0701219512195122
509375,0.07352941176470588
509376,0.0701219512195122
509377,0.04112554112554113
509378,0.1935483870967742
509379,0.04112554112554113
509380,0.12244897959183673
509381,0.024691358024691357
509382,0.018433179723502304
509383,0.0070921985815602835
509384,0.16842105263157894
509385,0.024691358024691357
509386,0.018433179723502304
509387,0.06432748538011696
509388,0.04112554112554113
509389,0.21678321678321677
509390,0.008982035928143712
509391,0.018433179723502304
509392,0.12903225806451613
509393,0.30597014925373134
509394,0.018433179723502304
509395,0.21678321678321677
509396,0.018433179723502304
509397,0.04112554112554113
509398,0.04112554112554113
509399,0.21621621621621623
509400,0.04112554112554113
509401,0.018433179723502304
509402,0.1935483870967742
509403,0.16842105263157894
509404,0.1935483870967742
509405,0.024691358024691357
509406,0.3756345177664975
509407,0.21678321678321677
509408,0.0701219512195122
509409,0.1702127659574468
509410,0.5882352941176471
509411,0.30597014925373134
509412,0.04112554112554113
509413,0.21678321678321677
509414,0.21621621621621623
509415,0.17647058823529413
509416,0.0070921985815602835
509417,0.16842105263157894
509418,0.17647058823529413
509419,0.3756345177664975
509420,0.30597014925373134
509421,0.07352941176470588
509422,0.008982035928143712
509423,0.1935483870967742
509424,0.07352941176470588
509425,0.024691358024691357
509426,0.04112554112554113
509427,0.16842105263157894
509428,0.058823529411764705
509429,0.07352941176470588
509430,0.30597014925373134
509431,0.17647058823529413
509432,0.039473684210526314
509433,0.21678321678321677
509434,0.04112554112554113
509435,0.0701219512195122
509436,0.21678321678321677
509437,0.21678321678321677
509438,0.008982035928143712
509439,0.30597014925373134
509440,0.6428571428571429
509441,0.07352941176470588
509442,0.07352941176470588
509443,0.018433179723502304
509444,0.018433179723502304
509445,0.07352941176470588
509446,0.018433179723502304
509447,0.0701219512195122
509448,0.008982035928143712
509449,0.06432748538011696
509450,0.6
509451,0.8386189125617626
509452,0.018433179723502304
509453,0.0
509454,0.1935483870967742
509455,0.4444444444444444
509456,0.04112554112554113
509457,0.04112554112554113
509458,0.6428571428571429
509459,0.16842105263157894
509460,0.058823529411764705
509461,0.024691358024691357
509462,0.06432748538011696
509463,0.6133333333333333
509464,0.008982035928143712
509465,0.008982035928143712
509466,0.21678321678321677
509467,0.008982035928143712
509468,0.16842105263157894
509469,0.058823529411764705
509470,0.21678321678321677
509471,0.12244897959183673
509472,0.6133333333333333
509473,0.12244897959183673
509474,0.008982035928143712
509475,0.07352941176470588
509476,0.12903225806451613
509477,0.039473684210526314
509478,0.018433179723502304
509479,0.039473684210526314
509480,0.21678321678321677
509481,0.09183673469387756
509482,0.17647058823529413
509483,0.09183673469387756
509484,0.21678321678321677
509485,0.039473684210526314
509486,0.039473684210526314
509487,0.018433179723502304
509488,0.07352941176470588
509489,0.09183673469387756
509490,0.3756345177664975
509491,0.1702127659574468
509492,0.0701219512195122
509493,0.018433179723502304
509494,0.30597014925373134
509495,0.21678321678321677
509496,0.04112554112554113
509497,0.024691358024691357
509498,0.0070921985815602835
509499,0.0070921985815602835
509500,0.07352941176470588
509501,0.0
509502,0.058823529411764705
509503,0.21621621621621623
509504,0.04112554112554113
509505,0.0
509506,0.16842105263157894
509507,0.008982035928143712
509508,0.4444444444444444
509509,0.058823529411764705
509510,0.0070921985815602835
509511,0.1935483870967742
509512,0.04112554112554113
509513,0.039473684210526314
509514,0.008982035928143712
509515,0.6133333333333333
509516,0.07352941176470588
509517,0.06432748538011696
509518,0.3756345177664975
509519,0.0701219512195122
509520,0.12903225806451613
509521,0.1935483870967742
509522,0.03347453664158706
509523,0.0
509524,0.04112554112554113
509525,0.6133333333333333
509526,0.04112554112554113
509527,0.12244897959183673
509528,0.21678321678321677
509529,0.07352941176470588
509530,0.018433179723502304
509531,0.1935483870967742
509532,0.0701219512195122
509533,0.04112554112554113
509534,0.0070921985815602835
509535,0.04112554112554113
509536,0.0701219512195122
509537,0.07352941176470588
509538,0.039473684210526314
509539,0.0070921985815602835
509540,0.3756345177664975
509541,0.3756345177664975
509542,0.1935483870967742
509543,0.3756345177664975
509544,0.058823529411764705
509545,0.04112554112554113
509546,0.039473684210526314
509547,0.039473684210526314
509548,0.12244897959183673
509549,0.4444444444444444
509550,0.024691358024691357
509551,0.21678321678321677
509552,0.07352941176470588
509553,0.04112554112554113
509554,0.04112554112554113
509555,0.30597014925373134
509556,1.0
509557,0.21678321678321677
509558,0.21678321678321677
509559,0.6428571428571429
509560,0.12244897959183673
509561,0.1935483870967742
509562,0.07352941176470588
509563,0.018433179723502304
509564,0.04112554112554113
509565,0.6428571428571429
509566,0.018433179723502304
509567,0.0070921985815602835
509568,0.17647058823529413
509569,0.039473684210526314
509570,0.018433179723502304
509571,0.12244897959183673
509572,0.12903225806451613
509573,0.06432748538011696
509574,0.6428571428571429
509575,0.04112554112554113
509576,0.04112554112554113
509577,0.1702127659574468
509578,0.018433179723502304
509579,0.1702127659574468
509580,0.1935483870967742
509581,0.04112554112554113
509582,0.024691358024691357
509583,0.024691358024691357
509584,0.84
509585,1.0
509586,0.008982035928143712
509587,0.039473684210526314
509588,0.12903225806451613
509589,0.21678321678321677
509590,0.21678321678321677
509591,0.3756345177664975
509592,0.21678321678321677
509593,0.018433179723502304
509594,0.024691358024691357
509595,0.039473684210526314
509596,0.018433179723502304
509597,0.018433179723502304
509598,0.04112554112554113
509599,0.4444444444444444
509600,0.018433179723502304
509601,0.0701219512195122
509602,0.21621621621621623
509603,0.3756345177664975
509604,0.6133333333333333
509605,0.21678321678321677
509606,0.09183673469387756
509607,0.0701219512195122
509608,0.039473684210526314
509609,0.6428571428571429
509610,0.21678321678321677
509611,0.018433179723502304
509612,0.07352941176470588
509613,0.6428571428571429
509614,0.06432748538011696
509615,0.07352941176470588
509616,0.15384615384615385
509617,0.21678321678321677
509618,0.008982035928143712
509619,0.0701219512195122
509620,0.21678321678321677
509621,0.0701219512195122
509622,0.3756345177664975
509623,0.008982035928143712
509624,0.008982035928143712
509625,0.058823529411764705
509626,0.018433179723502304
509627,0.0701219512195122
509628,0.30597014925373134
509629,0.058823529411764705
509630,0.12244897959183673
509631,0.058823529411764705
509632,0.16842105263157894
509633,0.008982035928143712
509634,0.16842105263157894
509635,0.16842105263157894
509636,0.018433179723502304
509637,0.06432748538011696
509638,0.21678321678321677
509639,0.21678321678321677
509640,0.039473684210526314
509641,0.06432748538011696
509642,0.06432748538011696
509643,0.04112554112554113
509644,0.0701219512195122
509645,0.04112554112554113
509646,0.0070921985815602835
509647,0.16842105263157894
509648,0.04112554112554113
509649,0.21678321678321677
509650,0.0070921985815602835
509651,0.04112554112554113
509652,0.04112554112554113
509653,0.3756345177664975
509654,0.0701219512195122
509655,0.0701219512195122
509656,0.008982035928143712
509657,0.04112554112554113
509658,0.1935483870967742
509659,0.3756345177664975
509660,0.04112554112554113
509661,0.15384615384615385
509662,0.039473684210526314
509663,0.018433179723502304
509664,0.04112554112554113
509665,0.018433179723502304
509666,0.17647058823529413
509667,0.0701219512195122
509668,0.04112554112554113
509669,0.07352941176470588
509670,0.0070921985815602835
509671,0.38461538461538464
509672,0.024691358024691357
509673,0.0070921985815602835
509674,0.12903225806451613
509675,0.008982035928143712
509676,0.21678321678321677
509677,0.06432748538011696
509678,0.0701219512195122
509679,0.12244897959183673
509680,0.018433179723502304
509681,0.1935483870967742
509682,0.1935483870967742
509683,0.30597014925373134
509684,0.0070921985815602835
509685,0.07352941176470588
509686,0.09183673469387756
509687,0.06432748538011696
509688,0.12903225806451613
509689,0.1702127659574468
509690,0.12903225806451613
509691,0.0070921985815602835
509692,0.1935483870967742
509693,0.06432748538011696
509694,0.16842105263157894
509695,0.0701219512195122
509696,0.4444444444444444
509697,0.15384615384615385
509698,0.30597014925373134
509699,0.0070921985815602835
509700,0.0701219512195122
509701,0.0701219512195122
509702,0.3756345177664975
509703,0.16842105263157894
509704,0.12903225806451613
509705,0.008982035928143712
509706,0.058823529411764705
509707,0.04112554112554113
509708,0.04112554112554113
509709,0.039473684210526314
509710,0.04112554112554113
509711,0.039473684210526314
509712,0.16842105263157894
509713,0.0701219512195122
509714,0.3756345177664975
509715,0.38461538461538464
509716,0.039473684210526314
509717,0.3756345177664975
509718,0.3756345177664975
509719,0.008982035928143712
509720,0.0701219512195122
509721,0.039473684210526314
509722,0.07352941176470588
509723,0.039473684210526314
509724,0.1935483870967742
509725,0.6133333333333333
509726,0.21621621621621623
509727,0.16842105263157894
509728,0.06432748538011696
509729,0.058823529411764705
509730,0.008982035928143712
509731,0.058823529411764705
509732,0.0701219512195122
509733,0.21678321678321677
509734,0.018433179723502304
509735,0.039473684210526314
509736,0.008982035928143712
509737,0.21678321678321677
509738,0.04112554112554113
509739,0.07352941176470588
509740,0.3756345177664975
509741,0.039473684210526314
509742,0.4444444444444444
509743,0.4444444444444444
509744,0.06432748538011696
509745,0.21621621621621623
509746,0.018433179723502304
509747,0.1935483870967742
509748,0.039473684210526314
509749,0.0070921985815602835
509750,0.21621621621621623
509751,0.058823529411764705
509752,0.008982035928143712
509753,0.12244897959183673
509754,0.07352941176470588
509755,0.04112554112554113
509756,0.21678321678321677
509757,0.1702127659574468
509758,0.07352941176470588
509759,0.07352941176470588
509760,0.04112554112554113
509761,0.12244897959183673
509762,0.5882352941176471
509763,0.0701219512195122
509764,0.30597014925373134
509765,0.04112554112554113
509766,0.039473684210526314
509767,0.06432748538011696
509768,0.0701219512195122
509769,0.21678321678321677
509770,0.16842105263157894
509771,0.1935483870967742
509772,0.06432748538011696
509773,0.17647058823529413
509774,0.024691358024691357
509775,0.008982035928143712
509776,0.0070921985815602835
509777,0.6133333333333333
509778,0.21678321678321677
509779,0.16842105263157894
509780,0.0701219512195122
509781,0.058823529411764705
509782,0.3756345177664975
509783,0.09183673469387756
509784,0.04112554112554113
509785,0.039473684210526314
509786,0.0701219512195122
509787,0.058823529411764705
509788,0.018433179723502304
509789,0.4444444444444444
509790,0.04112554112554113
509791,0.024691358024691357
509792,0.04112554112554113
509793,0.3756345177664975
509794,0.84
509795,0.04112554112554113
509796,0.0701219512195122
509797,0.0701219512195122
509798,0.018433179723502304
509799,0.0070921985815602835
509800,0.21621621621621623
509801,0.04112554112554113
509802,0.3756345177664975
509803,0.039473684210526314
509804,0.04112554112554113
509805,0.008982035928143712
509806,0.0070921985815602835
509807,0.6103927766262948
509808,0.039473684210526314
509809,0.0701219512195122
509810,0.07352941176470588
509811,0.008982035928143712
509812,0.09183673469387756
509813,0.04112554112554113
509814,0.008982035928143712
509815,0.04112554112554113
509816,0.04112554112554113
509817,0.21678321678321677
509818,0.0070921985815602835
509819,0.5
509820,0.018433179723502304
509821,0.6133333333333333
509822,0.058823529411764705
509823,0.17647058823529413
509824,0.0701219512195122
509825,0.04112554112554113
509826,0.12903225806451613
509827,0.21678321678321677
509828,0.04112554112554113
509829,0.0701219512195122
509830,0.0701219512195122
509831,0.21678321678321677
509832,0.16842105263157894
509833,0.058823529411764705
509834,0.04112554112554113
509835,0.16842105263157894
509836,0.024691358024691357
509837,0.12903225806451613
509838,0.4444444444444444
509839,0.21678321678321677
509840,0.018433179723502304
509841,0.21678321678321677
509842,0.07352941176470588
509843,0.008982035928143712
509844,0.30597014925373134
509845,0.039473684210526314
509846,0.6133333333333333
509847,0.30597014925373134
509848,0.0070921985815602835
509849,0.7762274445779264
509850,0.039473684210526314
509851,0.008982035928143712
509852,0.12903225806451613
509853,0.0701219512195122
509854,0.16842105263157894
509855,0.12903225806451613
509856,0.30597014925373134
509857,0.039473684210526314
509858,0.17647058823529413
509859,0.21678321678321677
509860,0.06432748538011696
509861,0.04112554112554113
509862,0.07352941176470588
509863,0.0701219512195122
509864,0.024691358024691357
509865,0.4444444444444444
509866,0.84
509867,0.008982035928143712
509868,0.008982035928143712
509869,0.04112554112554113
509870,0.008982035928143712
509871,0.30597014925373134
509872,0.039473684210526314
509873,0.0
509874,0.1935483870967742
509875,0.07352941176470588
509876,0.018433179723502304
509877,0.039473684210526314
509878,0.09183673469387756
509879,0.008982035928143712
509880,0.21621621621621623
509881,0.018433179723502304
509882,0.1935483870967742
509883,0.058823529411764705
509884,0.06432748538011696
509885,0.008982035928143712
509886,0.1935483870967742
509887,0.04112554112554113
509888,0.3756345177664975
509889,0.0701219512195122
509890,0.0701219512195122
509891,0.039473684210526314
509892,0.12903225806451613
509893,0.0070921985815602835
509894,0.3756345177664975
509895,0.008982035928143712
509896,0.0701219512195122
509897,0.6133333333333333
509898,0.0070921985815602835
509899,0.16842105263157894
509900,0.6666666666666666
509901,0.6133333333333333
509902,0.008982035928143712
509903,0.04112554112554113
509904,0.0701219512195122
509905,0.07352941176470588
509906,0.024691358024691357
509907,0.21621621621621623
509908,0.0701219512195122
509909,0.039473684210526314
509910,0.0701219512195122
509911,0.018433179723502304
509912,0.21621621621621623
509913,0.4444444444444444
509914,0.07352941176470588
509915,0.41963305895822
509916,0.04112554112554113
509917,0.04112554112554113
509918,0.04112554112554113
509919,0.008982035928143712
509920,0.0701219512195122
509921,0.058823529411764705
509922,0.0701219512195122
509923,0.008982035928143712
509924,0.21678321678321677
509925,0.008982035928143712
509926,0.0701219512195122
509927,0.04112554112554113
509928,0.4444444444444444
509929,0.04112554112554113
509930,0.17647058823529413
509931,0.06432748538011696
509932,0.12368167760303363
509933,0.17647058823529413
509934,0.018433179723502304
509935,0.018433179723502304
509936,0.058823529411764705
509937,0.3756345177664975
509938,0.14358638804346727
509939,0.09183673469387756
509940,0.008982035928143712
509941,0.1111111111111111
509942,0.07352941176470588
509943,0.0070921985815602835
509944,0.0070921985815602835
509945,0.024691358024691357
509946,0.008982035928143712
509947,0.018433179723502304
509948,0.6133333333333333
509949,0.018433179723502304
509950,0.12903225806451613
509951,0.1935483870967742
509952,0.3756345177664975
509953,0.07352941176470588
509954,0.04112554112554113
509955,0.058823529411764705
509956,0.30597014925373134
509957,0.3756345177664975
509958,0.09183673469387756
509959,0.058823529411764705
509960,0.018433179723502304
509961,0.1702127659574468
509962,0.3756345177664975
509963,0.06432748538011696
509964,0.008982035928143712
509965,0.1935483870967742
509966,0.07352941176470588
509967,0.21678321678321677
509968,0.0
509969,0.21678321678321677
509970,0.12244897959183673
509971,0.0070921985815602835
509972,0.21621621621621623
509973,0.3756345177664975
509974,0.30597014925373134
509975,0.0701219512195122
509976,0.21678321678321677
509977,0.30597014925373134
509978,0.018433179723502304
509979,0.0701219512195122
509980,0.21678321678321677
509981,0.30597014925373134
509982,0.09183673469387756
509983,0.039473684210526314
509984,0.6428571428571429
509985,0.3756345177664975
509986,0.024691358024691357
509987,0.07352941176470588
509988,0.058823529411764705
509989,0.6428571428571429
509990,0.04112554112554113
509991,0.0070921985815602835
509992,0.1935483870967742
509993,0.07352941176470588
509994,0.024691358024691357
509995,0.04112554112554113
509996,0.09183673469387756
509997,0.04112554112554113
509998,0.17647058823529413
509999,0.0070921985815602835
510000,0.3756345177664975
510001,0.024691358024691357
510002,0.0
510003,0.07352941176470588
510004,0.07352941176470588
510005,0.21678321678321677
510006,0.1702127659574468
510007,0.07352941176470588
510008,0.024691358024691357
510009,0.024691358024691357
510010,0.039473684210526314
510011,0.0070921985815602835
510012,0.09183673469387756
510013,0.17647058823529413
510014,0.058823529411764705
510015,0.008982035928143712
510016,0.12903225806451613
510017,0.024691358024691357
510018,0.09183673469387756
510019,0.0070921985815602835
510020,0.0070921985815602835
510021,0.018433179723502304
510022,0.16842105263157894
510023,0.0701219512195122
510024,0.018433179723502304
510025,0.12903225806451613
510026,0.0
510027,0.039473684210526314
510028,0.04112554112554113
510029,0.0
510030,0.058823529411764705
510031,0.17647058823529413
510032,0.008982035928143712
510033,0.07352941176470588
510034,0.0701219512195122
510035,0.018433179723502304
510036,0.018433179723502304
510037,0.04112554112554113
510038,0.15384615384615385
510039,0.06432748538011696
510040,0.6
510041,0.16842105263157894
510042,0.6428571428571429
510043,0.039473684210526314
510044,0.018433179723502304
510045,0.07352941176470588
510046,0.4444444444444444
510047,0.0
510048,0.07352941176470588
510049,0.04112554112554113
510050,0.008982035928143712
510051,0.4444444444444444
510052,0.16842105263157894
510053,0.07352941176470588
510054,0.058823529411764705
510055,0.16842105263157894
510056,0.09183673469387756
510057,0.039473684210526314
510058,0.1935483870967742
510059,0.12903225806451613
510060,0.024691358024691357
510061,0.6428571428571429
510062,0.21678321678321677
510063,0.018433179723502304
510064,0.12903225806451613
510065,0.8181818181818182
510066,0.21678321678321677
510067,0.84
510068,0.039473684210526314
510069,0.008982035928143712
510070,0.018433179723502304
510071,0.024691358024691357
510072,0.018433179723502304
510073,0.06432748538011696
510074,0.0701219512195122
510075,0.04112554112554113
510076,0.6428571428571429
510077,0.1935483870967742
510078,0.17647058823529413
510079,0.6133333333333333
510080,0.018433179723502304
510081,0.018433179723502304
510082,0.1702127659574468
510083,0.30597014925373134
510084,0.0701219512195122
510085,0.058823529411764705
510086,0.0070921985815602835
510087,0.008982035928143712
510088,0.008982035928143712
510089,0.12903225806451613
510090,0.16842105263157894
510091,0.17647058823529413
510092,0.008982035928143712
510093,0.1702127659574468
510094,0.16842105263157894
510095,0.09183673469387756
510096,0.16842105263157894
510097,0.07352941176470588
510098,0.09183673469387756
510099,0.039473684210526314
510100,0.0070921985815602835
510101,0.16842105263157894
510102,0.04112554112554113
510103,0.018433179723502304
510104,1.0
510105,0.0070921985815602835
510106,0.04112554112554113
510107,0.018433179723502304
510108,0.30597014925373134
510109,0.04112554112554113
510110,0.04112554112554113
510111,0.04112554112554113
510112,0.039473684210526314
510113,0.17647058823529413
510114,0.018433179723502304
510115,0.039473684210526314
510116,0.0701219512195122
510117,0.06432748538011696
510118,0.04112554112554113
510119,0.16842105263157894
510120,0.008982035928143712
510121,0.6428571428571429
510122,1.0
510123,0.16842105263157894
510124,0.1935483870967742
510125,0.17647058823529413
510126,0.06432748538011696
510127,0.018433179723502304
510128,0.058823529411764705
510129,0.16842105263157894
510130,0.6133333333333333
510131,0.04112554112554113
510132,0.04112554112554113
510133,0.04112554112554113
510134,0.09183673469387756
510135,0.0070921985815602835
510136,0.058823529411764705
510137,0.12903225806451613
510138,0.07352941176470588
510139,0.3333333333333333
510140,0.0701219512195122
510141,0.1935483870967742
510142,0.0701219512195122
510143,0.008982035928143712
510144,0.024691358024691357
510145,0.07352941176470588
510146,0.1935483870967742
510147,0.008982035928143712
510148,0.039473684210526314
510149,0.1935483870967742
510150,0.16842105263157894
510151,0.1702127659574468
510152,0.4444444444444444
510153,0.04112554112554113
510154,0.15384615384615385
510155,0.058823529411764705
510156,0.3756345177664975
510157,0.058823529411764705
510158,0.3756345177664975
510159,0.039473684210526314
510160,0.1935483870967742
510161,0.0070921985815602835
510162,0.6133333333333333
510163,0.0070921985815602835
510164,0.12903225806451613
510165,0.018433179723502304
510166,0.0701219512195122
510167,0.0070921985815602835
510168,0.21678321678321677
510169,0.0701219512195122
510170,0.024691358024691357
510171,0.0701219512195122
510172,0.039473684210526314
510173,0.1935483870967742
510174,0.0070921985815602835
510175,0.3756345177664975
510176,0.04112554112554113
510177,0.018433179723502304
510178,0.04112554112554113
510179,0.6133333333333333
510180,0.024691358024691357
510181,0.0701219512195122
510182,0.04112554112554113
510183,0.039473684210526314
510184,0.1702127659574468
510185,0.1935483870967742
510186,0.1935483870967742
510187,0.12903225806451613
510188,0.3756345177664975
510189,0.0701219512195122
510190,0.018433179723502304
510191,0.21678321678321677
510192,0.06432748538011696
510193,0.018433179723502304
510194,0.21678321678321677
510195,0.06432748538011696
510196,0.024691358024691357
510197,0.84
510198,0.4444444444444444
510199,0.16842105263157894
510200,0.039473684210526314
510201,0.1935483870967742
510202,0.06432748538011696
510203,0.16842105263157894
510204,0.30597014925373134
510205,0.07352941176470588
510206,0.008982035928143712
510207,0.024691358024691357
510208,0.0701219512195122
510209,0.38461538461538464
510210,0.84
510211,0.0701219512195122
510212,0.018433179723502304
510213,0.039473684210526314
510214,0.058823529411764705
510215,0.09183673469387756
510216,0.21678321678321677
510217,0.039473684210526314
510218,0.039473684210526314
510219,0.21678321678321677
510220,0.21621621621621623
510221,0.1935483870967742
510222,0.07352941176470588
510223,0.008982035928143712
510224,0.024691358024691357
510225,0.15384615384615385
510226,0.039473684210526314
510227,0.06586485126258546
510228,0.008982035928143712
510229,0.024691358024691357
510230,0.018433179723502304
510231,0.09183673469387756
510232,0.008982035928143712
510233,0.17647058823529413
510234,0.21678321678321677
510235,0.07352941176470588
510236,0.07352941176470588
510237,0.0070921985815602835
510238,0.07352941176470588
510239,0.07352941176470588
510240,0.16842105263157894
510241,0.17647058823529413
510242,0.008982035928143712
510243,0.058823529411764705
510244,0.04112554112554113
510245,0.07352941176470588
510246,0.018433179723502304
510247,0.04112554112554113
510248,0.039473684210526314
510249,0.21678321678321677
510250,0.04112554112554113
510251,0.07352941176470588
510252,0.21678321678321677
510253,0.1935483870967742
510254,0.07352941176470588
510255,0.6428571428571429
510256,0.5
510257,0.3756345177664975
510258,0.008982035928143712
510259,0.0701219512195122
510260,0.07352941176470588
510261,0.018433179723502304
510262,0.058823529411764705
510263,0.3756345177664975
510264,0.024691358024691357
510265,0.024691358024691357
510266,0.21621621621621623
510267,0.06432748538011696
510268,0.0701219512195122
510269,0.0701219512195122
510270,0.0
510271,0.09817371676206856
510272,0.06432748538011696
510273,0.04112554112554113
510274,0.024691358024691357
510275,0.38461538461538464
510276,0.018433179723502304
510277,0.21678321678321677
510278,0.3756345177664975
510279,0.06432748538011696
510280,0.04112554112554113
510281,0.30597014925373134
510282,0.6133333333333333
510283,0.07352941176470588
510284,0.12903225806451613
510285,0.21678321678321677
510286,0.07352941176470588
510287,0.21678321678321677
510288,0.30597014925373134
510289,0.17647058823529413
510290,0.16842105263157894
510291,0.21678321678321677
510292,0.09183673469387756
510293,0.018433179723502304
510294,0.6428571428571429
510295,0.6428571428571429
510296,0.018433179723502304
510297,0.06432748538011696
510298,0.008982035928143712
510299,0.3756345177664975
510300,0.03998707564939301
510301,0.0701219512195122
510302,0.039473684210526314
510303,0.018433179723502304
510304,0.04112554112554113
510305,0.039473684210526314
510306,0.06432748538011696
510307,0.1935483870967742
510308,0.3756345177664975
510309,0.04112554112554113
510310,0.0701219512195122
510311,0.018433179723502304
510312,0.04112554112554113
510313,0.3756345177664975
510314,0.12903225806451613
510315,0.04112554112554113
510316,0.0070921985815602835
510317,0.039473684210526314
510318,0.21678321678321677
510319,0.0701219512195122
510320,0.018433179723502304
510321,0.0701219512195122
510322,0.21678321678321677
510323,0.0
510324,0.018433179723502304
510325,0.018433179723502304
510326,0.039473684210526314
510327,0.17647058823529413
510328,0.04112554112554113
510329,0.6428571428571429
510330,0.21678321678321677
510331,0.018433179723502304
510332,0.12903225806451613
510333,0.039473684210526314
510334,0.07352941176470588
510335,0.018433179723502304
510336,0.0
510337,0.84
510338,0.30597014925373134
510339,0.21678321678321677
510340,0.018433179723502304
510341,0.058823529411764705
510342,0.058823529411764705
510343,0.06432748538011696
510344,0.12903225806451613
510345,0.6133333333333333
510346,0.008982035928143712
510347,0.1935483870967742
510348,0.039473684210526314
510349,0.018433179723502304
510350,0.84
510351,0.039473684210526314
510352,0.12244897959183673
510353,0.16842105263157894
510354,0.0701219512195122
510355,0.1935483870967742
510356,0.8218779117293157
510357,0.21678321678321677
510358,0.07352941176470588
510359,0.04112554112554113
510360,0.1702127659574468
510361,0.008982035928143712
510362,0.0
510363,0.1702127659574468
510364,0.21678321678321677
510365,0.1935483870967742
510366,0.008982035928143712
510367,0.039473684210526314
510368,0.018433179723502304
510369,0.30597014925373134
510370,0.0701219512195122
510371,0.058823529411764705
510372,0.04112554112554113
510373,0.21678321678321677
510374,0.16842105263157894
510375,0.30597014925373134
510376,0.12903225806451613
510377,0.12903225806451613
510378,0.12244897959183673
510379,0.008982035928143712
510380,0.0701219512195122
510381,0.1935483870967742
510382,0.12903225806451613
510383,0.1935483870967742
510384,0.018433179723502304
510385,0.018433179723502304
510386,0.06432748538011696
510387,0.0070921985815602835
510388,0.04112554112554113
510389,0.008982035928143712
510390,0.04112554112554113
510391,0.058823529411764705
510392,0.16842105263157894
510393,0.3756345177664975
510394,0.04112554112554113
510395,0.1702586935395325
510396,0.07352941176470588
510397,0.06432748538011696
510398,0.07352941176470588
510399,0.21678321678321677
510400,0.07352941176470588
510401,0.1935483870967742
510402,0.04112554112554113
510403,0.0070921985815602835
510404,0.04112554112554113
510405,0.0070921985815602835
510406,0.6133333333333333
510407,0.04112554112554113
510408,0.04112554112554113
510409,0.0070921985815602835
510410,0.039473684210526314
510411,0.07352941176470588
510412,0.024691358024691357
510413,0.07352941176470588
510414,0.018433179723502304
510415,0.06432748538011696
510416,0.018433179723502304
510417,0.018433179723502304
510418,0.3756345177664975
510419,0.1935483870967742
510420,0.84
510421,0.17647058823529413
510422,0.17647058823529413
510423,0.4444444444444444
510424,0.3333333333333333
510425,0.039473684210526314
510426,0.03958736932598871
510427,0.09183673469387756
510428,0.16842105263157894
510429,0.1935483870967742
510430,0.04112554112554113
510431,0.018433179723502304
510432,0.4444444444444444
510433,0.0
510434,0.3333333333333333
510435,0.21621621621621623
510436,0.018433179723502304
510437,0.17647058823529413
510438,0.3756345177664975
510439,0.16842105263157894
510440,0.30597014925373134
510441,0.16842105263157894
510442,0.15384615384615385
510443,0.06432748538011696
510444,0.018433179723502304
510445,0.6133333333333333
510446,0.07352941176470588
510447,0.04112554112554113
510448,0.06432748538011696
510449,0.039473684210526314
510450,0.3756345177664975
510451,0.04112554112554113
510452,0.0701219512195122
510453,0.30597014925373134
510454,0.039473684210526314
510455,0.0701219512195122
510456,0.018433179723502304
510457,0.018433179723502304
510458,0.16842105263157894
510459,0.024691358024691357
510460,0.06432748538011696
510461,0.1935483870967742
510462,1.0
510463,0.0070921985815602835
510464,0.039473684210526314
510465,0.84
510466,0.058823529411764705
510467,0.0
510468,0.1935483870967742
510469,0.058823529411764705
510470,0.04112554112554113
510471,0.008982035928143712
510472,0.024691358024691357
510473,0.3756345177664975
510474,0.008982035928143712
510475,0.3756345177664975
510476,0.039473684210526314
510477,0.039473684210526314
510478,0.07352941176470588
510479,0.12244897959183673
510480,0.8181818181818182
510481,0.008982035928143712
510482,0.0701219512195122
510483,0.008982035928143712
510484,0.07352941176470588
510485,0.0070921985815602835
510486,0.30597014925373134
510487,0.039473684210526314
510488,0.3756345177664975
510489,0.0701219512195122
510490,0.018433179723502304
510491,0.06432748538011696
510492,0.024691358024691357
510493,0.6068914945986396
510494,0.6428571428571429
510495,0.008982035928143712
510496,0.008982035928143712
510497,0.3756345177664975
510498,0.3756345177664975
510499,0.018433179723502304
510500,0.5882352941176471
510501,0.024691358024691357
510502,0.16842105263157894
510503,0.4444444444444444
510504,0.0701219512195122
510505,0.21678321678321677
510506,0.84
510507,0.09183673469387756
510508,0.1935483870967742
510509,0.024691358024691357
510510,0.04112554112554113
510511,0.07352941176470588
510512,0.30597014925373134
510513,0.21678321678321677
510514,0.07352941176470588
510515,0.09183673469387756
510516,0.1111111111111111
510517,0.0701219512195122
510518,0.38461538461538464
510519,0.039473684210526314
510520,0.024691358024691357
510521,0.12903225806451613
510522,0.008982035928143712
510523,0.018433179723502304
510524,0.30597014925373134
510525,0.008982035928143712
510526,0.0070921985815602835
510527,0.30597014925373134
510528,0.058823529411764705
510529,0.3333333333333333
510530,0.0701219512195122
510531,0.1935483870967742
510532,0.04112554112554113
510533,0.1702127659574468
510534,0.3756345177664975
510535,0.07352941176470588
510536,0.058823529411764705
510537,0.039473684210526314
510538,0.058823529411764705
510539,0.1935483870967742
510540,0.018433179723502304
510541,0.07352941176470588
510542,0.018433179723502304
510543,0.0070921985815602835
510544,0.84
510545,0.04112554112554113
510546,0.0701219512195122
510547,0.0701219512195122
510548,0.04112554112554113
510549,0.04112554112554113
510550,0.018433179723502304
510551,0.024691358024691357
510552,0.6
510553,0.04112554112554113
510554,0.30597014925373134
510555,0.1935483870967742
510556,0.018433179723502304
510557,0.0701219512195122
510558,0.0701219512195122
510559,0.06432748538011696
510560,0.07352941176470588
510561,0.008982035928143712
510562,0.0701219512195122
510563,0.0
510564,0.0701219512195122
510565,0.12244897959183673
510566,0.07352941176470588
510567,0.0701219512195122
510568,0.1935483870967742
510569,0.06432748538011696
510570,0.09183673469387756
510571,0.039473684210526314
510572,0.0070921985815602835
510573,0.07352941176470588
510574,0.018433179723502304
510575,0.4444444444444444
510576,0.0701219512195122
510577,0.1935483870967742
510578,0.07352941176470588
510579,0.0701219512195122
510580,0.018433179723502304
510581,0.018433179723502304
510582,0.018433179723502304
510583,0.17647058823529413
510584,0.008982035928143712
510585,0.04112554112554113
510586,0.6133333333333333
510587,0.04112554112554113
510588,0.5
510589,0.008982035928143712
510590,0.018433179723502304
510591,0.12903225806451613
510592,0.008982035928143712
510593,0.09183673469387756
510594,0.04112554112554113
510595,0.21678321678321677
510596,0.0070921985815602835
510597,0.07352941176470588
510598,0.30597014925373134
510599,0.3333333333333333
510600,0.039473684210526314
510601,0.06432748538011696
510602,0.17647058823529413
510603,0.008982035928143712
510604,0.018433179723502304
510605,0.16842105263157894
510606,0.30597014925373134
510607,0.04112554112554113
510608,0.018433179723502304
510609,0.04112554112554113
510610,0.0070921985815602835
510611,0.024691358024691357
510612,0.17647058823529413
510613,0.04112554112554113
510614,0.0070921985815602835
510615,0.16842105263157894
510616,0.0701219512195122
510617,0.6133333333333333
510618,0.06432748538011696
510619,0.0701219512195122
510620,0.04112554112554113
510621,0.058823529411764705
510622,0.17647058823529413
510623,0.6428571428571429
510624,0.5882352941176471
510625,0.018433179723502304
510626,0.07352941176470588
510627,0.018433179723502304
510628,0.4444444444444444
510629,0.018433179723502304
510630,0.21678321678321677
510631,0.30597014925373134
510632,0.0701219512195122
510633,0.1935483870967742
510634,0.008982035928143712
510635,0.21678321678321677
510636,0.04112554112554113
510637,0.039473684210526314
510638,0.17647058823529413
510639,0.024691358024691357
510640,0.0701219512195122
510641,0.17647058823529413
510642,0.018433179723502304
510643,0.008982035928143712
510644,0.018433179723502304
510645,0.30597014925373134
510646,0.018433179723502304
510647,0.0701219512195122
510648,0.16842105263157894
510649,0.21678321678321677
510650,0.06432748538011696
510651,0.018433179723502304
510652,0.0701219512195122
510653,0.07352941176470588
510654,0.21678321678321677
510655,0.0701219512195122
510656,0.0701219512195122
510657,0.024691358024691357
510658,0.008982035928143712
510659,0.058823529411764705
510660,0.1702127659574468
510661,0.6666666666666666
510662,0.008982035928143712
510663,0.0
510664,0.09183673469387756
510665,0.07352941176470588
510666,0.058823529411764705
510667,0.04112554112554113
510668,0.30597014925373134
510669,0.21621621621621623
510670,0.3756345177664975
510671,0.06432748538011696
510672,0.04112554112554113
510673,0.0070921985815602835
510674,0.3333333333333333
510675,0.024691358024691357
510676,0.03908393417303819
510677,0.039473684210526314
510678,0.09183673469387756
510679,0.04112554112554113
510680,0.018433179723502304
510681,0.008982035928143712
510682,0.12244897959183673
510683,0.06432748538011696
510684,0.018433179723502304
510685,0.0070921985815602835
510686,0.07352941176470588
510687,0.04112554112554113
510688,0.16842105263157894
510689,0.3756345177664975
510690,0.07352941176470588
510691,0.3756345177664975
510692,0.039473684210526314
510693,0.018433179723502304
510694,0.024691358024691357
510695,0.04112554112554113
510696,0.30597014925373134
510697,0.0701219512195122
510698,0.21621621621621623
510699,0.058823529411764705
510700,0.04112554112554113
510701,0.09183673469387756
510702,0.024691358024691357
510703,0.008982035928143712
510704,0.0701219512195122
510705,0.0701219512195122
510706,0.039473684210526314
510707,0.17647058823529413
510708,0.6428571428571429
510709,0.0701219512195122
510710,0.21678321678321677
510711,0.0701219512195122
510712,0.018433179723502304
510713,0.008982035928143712
510714,0.17647058823529413
510715,0.30597014925373134
510716,0.008982035928143712
510717,0.0701219512195122
510718,0.04112554112554113
510719,0.30597014925373134
510720,0.21621621621621623
510721,0.5
510722,0.04112554112554113
510723,0.16842105263157894
510724,0.04112554112554113
510725,0.30597014925373134
510726,0.04112554112554113
510727,0.0
510728,0.3333333333333333
510729,0.018433179723502304
510730,0.04112554112554113
510731,0.06432748538011696
510732,0.039473684210526314
510733,0.04112554112554113
510734,0.039473684210526314
510735,0.09183673469387756
510736,0.3756345177664975
510737,0.07352941176470588
510738,0.16842105263157894
510739,0.039473684210526314
510740,0.018433179723502304
510741,0.0070921985815602835
510742,0.018433179723502304
510743,0.04112554112554113
510744,0.0701219512195122
510745,0.4444444444444444
510746,0.039473684210526314
510747,0.17647058823529413
510748,0.16842105263157894
510749,0.15384615384615385
510750,0.6428571428571429
510751,0.04112554112554113
510752,0.09183673469387756
510753,0.84
510754,0.0701219512195122
510755,0.0701219512195122
510756,0.0701219512195122
510757,0.07352941176470588
510758,0.6
510759,0.30597014925373134
510760,0.3756345177664975
510761,0.0701219512195122
510762,0.12903225806451613
510763,0.018433179723502304
510764,0.008797527168374175
510765,0.018433179723502304
510766,0.21678321678321677
510767,0.06432748538011696
510768,0.07352941176470588
510769,0.6666666666666666
510770,0.04112554112554113
510771,0.0701219512195122
510772,0.039473684210526314
510773,0.1935483870967742
510774,0.17647058823529413
510775,0.4444444444444444
510776,0.039473684210526314
510777,0.16842105263157894
510778,0.16842105263157894
510779,0.0070921985815602835
510780,0.21678321678321677
510781,0.027852970731815578
510782,0.008982035928143712
510783,0.058823529411764705
510784,0.16842105263157894
510785,0.4444444444444444
510786,0.09183673469387756
510787,0.38461538461538464
510788,0.0
510789,0.04112554112554113
510790,0.018433179723502304
510791,0.16842105263157894
510792,0.039473684210526314
510793,0.039473684210526314
510794,0.039473684210526314
510795,0.12244897959183673
510796,0.21678321678321677
510797,0.21678321678321677
510798,0.0701219512195122
510799,0.04112554112554113
510800,0.06432748538011696
510801,0.30597014925373134
510802,0.1935483870967742
510803,0.4444444444444444
510804,0.17647058823529413
510805,0.04112554112554113
510806,0.06432748538011696
510807,0.008982035928143712
510808,0.12244897959183673
510809,0.0070921985815602835
510810,0.008982035928143712
510811,0.024691358024691357
510812,0.008982035928143712
510813,0.018433179723502304
510814,0.0701219512195122
510815,0.09183673469387756
510816,0.018433179723502304
510817,0.018433179723502304
510818,0.058823529411764705
510819,0.024691358024691357
510820,0.0070921985815602835
510821,0.09183673469387756
510822,0.30597014925373134
510823,0.5882352941176471
510824,0.04112554112554113
510825,0.07352941176470588
510826,0.008982035928143712
510827,0.04112554112554113
510828,0.21678321678321677
510829,0.018433179723502304
510830,0.1702127659574468
510831,0.018433179723502304
510832,0.3333333333333333
510833,0.04112554112554113
510834,0.3756345177664975
510835,0.0070921985815602835
510836,0.008982035928143712
510837,0.21678321678321677
510838,0.17260657916802338
510839,0.21621621621621623
510840,0.008982035928143712
510841,0.024691358024691357
510842,0.16842105263157894
510843,0.024691358024691357
510844,0.039473684210526314
510845,0.024691358024691357
510846,0.0701219512195122
510847,0.21678321678321677
510848,0.30597014925373134
510849,0.21678321678321677
510850,0.04112554112554113
510851,0.17647058823529413
510852,0.0070921985815602835
510853,0.21621621621621623
510854,0.16842105263157894
510855,0.008982035928143712
510856,0.12244897959183673
510857,0.04112554112554113
510858,0.04112554112554113
510859,0.3756345177664975
510860,0.30597014925373134
510861,0.06432748538011696
510862,0.024691358024691357
510863,0.6428571428571429
510864,0.21621621621621623
510865,0.039473684210526314
510866,0.024691358024691357
510867,0.21678321678321677
510868,0.17647058823529413
510869,0.4444444444444444
510870,0.4444444444444444
510871,0.018433179723502304
510872,0.1935483870967742
510873,0.09183673469387756
510874,0.039473684210526314
510875,0.12903225806451613
510876,0.6428571428571429
510877,0.039473684210526314
510878,0.008982035928143712
510879,0.0701219512195122
510880,0.3756345177664975
510881,0.07352941176470588
510882,0.06432748538011696
510883,0.04112554112554113
510884,0.07352941176470588
510885,0.0070921985815602835
510886,0.018433179723502304
510887,0.039473684210526314
510888,0.21678321678321677
510889,0.039473684210526314
510890,0.17647058823529413
510891,0.0070921985815602835
510892,0.09183673469387756
510893,0.12903225806451613
510894,0.039473684210526314
510895,0.21621621621621623
510896,0.04112554112554113
510897,0.38461538461538464
510898,0.06432748538011696
510899,0.1935483870967742
510900,0.058823529411764705
510901,0.5981851913435816
510902,0.039473684210526314
510903,0.039473684210526314
510904,0.21678321678321677
510905,0.018433179723502304
510906,0.0701219512195122
510907,0.21678321678321677
510908,0.018433179723502304
510909,0.12903225806451613
510910,0.1935483870967742
510911,0.1935483870967742
510912,0.16842105263157894
510913,0.15384615384615385
510914,0.21621621621621623
510915,0.04112554112554113
510916,0.039473684210526314
510917,0.07352941176470588
510918,0.07352941176470588
510919,0.06432748538011696
510920,0.018433179723502304
510921,0.058823529411764705
510922,0.0701219512195122
510923,0.16842105263157894
510924,0.06432748538011696
510925,0.058823529411764705
510926,0.058823529411764705
510927,0.4444444444444444
510928,0.024691358024691357
510929,0.0
510930,0.058823529411764705
510931,0.4444444444444444
510932,0.16842105263157894
510933,0.1702127659574468
510934,0.6666666666666666
510935,0.06432748538011696
510936,0.09183673469387756
510937,0.0070921985815602835
510938,0.018433179723502304
510939,0.0701219512195122
510940,0.6428571428571429
510941,0.30597014925373134
510942,0.21678321678321677
510943,0.3756345177664975
510944,0.04112554112554113
510945,0.06432748538011696
510946,0.6133333333333333
510947,0.008982035928143712
510948,0.018433179723502304
510949,0.3756345177664975
510950,0.07352941176470588
510951,0.1935483870967742
510952,0.04112554112554113
510953,0.17647058823529413
510954,0.039473684210526314
510955,0.04112554112554113
510956,0.6428571428571429
510957,0.024691358024691357
510958,0.1935483870967742
510959,0.04112554112554113
510960,0.21678321678321677
510961,0.008982035928143712
510962,0.07352941176470588
510963,0.17647058823529413
510964,0.06432748538011696
510965,0.09183673469387756
510966,0.0701219512195122
510967,0.4444444444444444
510968,0.09183673469387756
510969,0.07352941176470588
510970,0.018433179723502304
510971,0.1935483870967742
510972,0.04112554112554113
510973,0.024691358024691357
510974,0.008982035928143712
510975,0.07352941176470588
510976,0.04112554112554113
510977,0.008982035928143712
510978,0.0701219512195122
510979,0.04112554112554113
510980,0.30597014925373134
510981,0.06432748538011696
510982,0.1935483870967742
510983,0.008982035928143712
510984,0.0701219512195122
510985,0.6666666666666666
510986,0.018433179723502304
510987,0.4444444444444444
510988,0.04112554112554113
510989,0.0070921985815602835
510990,0.17647058823529413
510991,0.058823529411764705
510992,0.17647058823529413
510993,0.17647058823529413
510994,0.039473684210526314
510995,0.0701219512195122
510996,0.039473684210526314
510997,0.0701219512195122
510998,0.024691358024691357
510999,0.12903225806451613
511000,0.0
511001,0.039473684210526314
511002,0.30597014925373134
511003,0.008982035928143712
511004,0.008982035928143712
511005,0.058823529411764705
511006,0.21678321678321677
511007,0.0701219512195122
511008,0.04112554112554113
511009,0.0701219512195122
511010,0.018433179723502304
511011,0.04112554112554113
511012,0.039473684210526314
511013,0.16842105263157894
511014,0.07352941176470588
511015,0.12903225806451613
511016,0.17647058823529413
511017,0.0070921985815602835
511018,0.12903225806451613
511019,0.0070921985815602835
511020,0.018433179723502304
511021,0.6428571428571429
511022,0.21678321678321677
511023,0.018433179723502304
511024,0.15384615384615385
511025,0.21621621621621623
511026,0.039473684210526314
511027,0.21621621621621623
511028,0.30597014925373134
511029,0.16842105263157894
511030,0.039473684210526314
511031,0.058823529411764705
511032,0.008982035928143712
511033,0.6133333333333333
511034,0.008982035928143712
511035,0.024691358024691357
511036,0.3756345177664975
511037,0.1935483870967742
511038,0.04112554112554113
511039,0.21678321678321677
511040,0.1935483870967742
511041,0.1935483870967742
511042,0.04112554112554113
511043,0.0070921985815602835
511044,0.04112554112554113
511045,0.07352941176470588
511046,0.04112554112554113
511047,0.018433179723502304
511048,0.04112554112554113
511049,0.06432748538011696
511050,0.024691358024691357
511051,0.018433179723502304
511052,0.12903225806451613
511053,0.008982035928143712
511054,0.04112554112554113
511055,0.039473684210526314
511056,0.0070921985815602835
511057,0.018433179723502304
511058,0.008982035928143712
511059,0.1935483870967742
511060,0.12244897959183673
511061,0.1935483870967742
511062,0.21678321678321677
511063,0.16842105263157894
511064,0.3756345177664975
511065,0.1935483870967742
511066,0.30597014925373134
511067,0.07352941176470588
511068,0.04112554112554113
511069,0.024691358024691357
511070,0.1935483870967742
511071,0.1935483870967742
511072,0.0070921985815602835
511073,0.0701219512195122
511074,0.04112554112554113
511075,0.21678321678321677
511076,0.0701219512195122
511077,0.4444444444444444
511078,0.21678321678321677
511079,0.3756345177664975
511080,0.04112554112554113
511081,0.058823529411764705
511082,0.018433179723502304
511083,0.04112554112554113
511084,0.008982035928143712
511085,0.17647058823529413
511086,0.3756345177664975
511087,0.21621621621621623
511088,0.04112554112554113
511089,0.21678321678321677
511090,0.024691358024691357
511091,0.039473684210526314
511092,0.09183673469387756
511093,0.07352941176470588
511094,0.6428571428571429
511095,0.21678321678321677
511096,0.5882352941176471
511097,0.04112554112554113
511098,0.21678321678321677
511099,0.008982035928143712
511100,0.21678321678321677
511101,0.058823529411764705
511102,0.018433179723502304
511103,0.06432748538011696
511104,0.024691358024691357
511105,0.1702127659574468
511106,0.3756345177664975
511107,0.008982035928143712
511108,0.058823529411764705
511109,0.008982035928143712
511110,0.024691358024691357
511111,0.06432748538011696
511112,0.21678321678321677
511113,0.0701219512195122
511114,0.0
511115,0.0
511116,0.04112554112554113
511117,0.0701219512195122
511118,0.04112554112554113
511119,0.16842105263157894
511120,0.30597014925373134
511121,0.024691358024691357
511122,0.1935483870967742
511123,0.0701219512195122
511124,0.3756345177664975
511125,0.008982035928143712
511126,0.04112554112554113
511127,0.018433179723502304
511128,0.04112554112554113
511129,0.0701219512195122
511130,0.30597014925373134
511131,0.30597014925373134
511132,0.09183673469387756
511133,0.12903225806451613
511134,0.07352941176470588
511135,0.21678321678321677
511136,0.04112554112554113
511137,0.12903225806451613
511138,0.058823529411764705
511139,0.04112554112554113
511140,0.008982035928143712
511141,0.4444444444444444
511142,0.1702127659574468
511143,0.3756345177664975
511144,0.018433179723502304
511145,0.0
511146,0.06432748538011696
511147,0.0701219512195122
511148,0.6428571428571429
511149,0.15384615384615385
511150,0.008982035928143712
511151,0.0701219512195122
511152,0.3756345177664975
511153,0.07352941176470588
511154,0.0070921985815602835
511155,0.07352941176470588
511156,0.0070921985815602835
511157,0.008982035928143712
511158,0.0070921985815602835
511159,0.3756345177664975
511160,0.06432748538011696
511161,0.0701219512195122
511162,0.008982035928143712
511163,0.4444444444444444
511164,0.06432748538011696
511165,0.024691358024691357
511166,0.6133333333333333
511167,0.12903225806451613
511168,0.018433179723502304
511169,0.0701219512195122
511170,0.16842105263157894
511171,0.008982035928143712
511172,0.0701219512195122
511173,0.04112554112554113
511174,0.04112554112554113
511175,0.12244897959183673
511176,0.04112554112554113
511177,0.17647058823529413
511178,0.008982035928143712
511179,0.018433179723502304
511180,0.039473684210526314
511181,0.04112554112554113
511182,0.039473684210526314
511183,0.07352941176470588
511184,0.04112554112554113
511185,0.039473684210526314
511186,0.018433179723502304
511187,0.21621621621621623
511188,0.018433179723502304
511189,0.04112554112554113
511190,0.0701219512195122
511191,0.30597014925373134
511192,0.0070921985815602835
511193,0.17647058823529413
511194,0.3756345177664975
511195,0.04112554112554113
511196,0.07352941176470588
511197,0.008982035928143712
511198,0.0070921985815602835
511199,0.018433179723502304
511200,0.024691358024691357
511201,0.07352941176470588
511202,0.018433179723502304
511203,0.04112554112554113
511204,0.06432748538011696
511205,0.07352941176470588
511206,0.0
511207,0.008982035928143712
511208,0.018433179723502304
511209,0.3756345177664975
511210,0.04112554112554113
511211,0.039473684210526314
511212,0.024691358024691357
511213,0.6428571428571429
511214,0.0701219512195122
511215,0.1935483870967742
511216,0.30597014925373134
511217,0.04112554112554113
511218,0.16842105263157894
511219,0.16842105263157894
511220,0.3756345177664975
511221,0.12903225806451613
511222,0.6133333333333333
511223,0.07352941176470588
511224,0.17647058823529413
511225,0.16842105263157894
511226,0.1935483870967742
511227,0.04112554112554113
511228,0.6129911168960868
511229,0.039473684210526314
511230,0.018433179723502304
511231,0.04112554112554113
511232,0.058823529411764705
511233,0.008982035928143712
511234,0.04112554112554113
511235,0.1935483870967742
511236,0.4444444444444444
511237,0.5882352941176471
511238,0.21678321678321677
511239,0.07352941176470588
511240,0.039473684210526314
511241,0.008982035928143712
511242,0.008982035928143712
511243,0.21678321678321677
511244,0.06432748538011696
511245,0.058823529411764705
511246,0.84
511247,0.07352941176470588
511248,0.21678321678321677
511249,0.04112554112554113
511250,0.07352941176470588
511251,0.018433179723502304
511252,0.5882352941176471
511253,0.04112554112554113
511254,0.84
511255,0.1935483870967742
511256,0.1702127659574468
511257,0.4444444444444444
511258,0.024691358024691357
511259,0.018433179723502304
511260,0.018433179723502304
511261,0.018433179723502304
511262,0.04112554112554113
511263,0.17647058823529413
511264,0.21678321678321677
511265,0.09183673469387756
511266,0.008982035928143712
511267,0.16842105263157894
511268,0.3333333333333333
511269,0.008982035928143712
511270,0.0070921985815602835
511271,0.024691358024691357
511272,0.018433179723502304
511273,0.018433179723502304
511274,0.06432748538011696
511275,0.039473684210526314
511276,0.039473684210526314
511277,0.0070921985815602835
511278,0.0070921985815602835
511279,0.5882352941176471
511280,0.0070921985815602835
511281,0.018433179723502304
511282,0.018433179723502304
511283,0.024691358024691357
511284,0.21621621621621623
511285,0.058823529411764705
511286,0.0070921985815602835
511287,0.0070921985815602835
511288,0.30597014925373134
511289,0.039473684210526314
511290,0.058823529411764705
511291,0.024691358024691357
511292,0.16842105263157894
511293,0.0701219512195122
511294,0.039473684210526314
511295,0.0070921985815602835
511296,0.1702127659574468
511297,0.1935483870967742
511298,0.039473684210526314
511299,0.039473684210526314
511300,0.008982035928143712
511301,0.0701219512195122
511302,0.039473684210526314
511303,0.07352941176470588
511304,0.6133333333333333
511305,0.04112554112554113
511306,0.04112554112554113
511307,0.018433179723502304
511308,0.6133333333333333
511309,0.018433179723502304
511310,0.04112554112554113
511311,0.1935483870967742
511312,0.17647058823529413
511313,0.16842105263157894
511314,0.30597014925373134
511315,0.018433179723502304
511316,0.6133333333333333
511317,0.21678321678321677
511318,0.024691358024691357
511319,0.058823529411764705
511320,0.039473684210526314
511321,0.1935483870967742
511322,0.21678321678321677
511323,0.30597014925373134
511324,0.1702127659574468
511325,0.04112554112554113
511326,0.0701219512195122
511327,0.84
511328,0.17647058823529413
511329,0.04112554112554113
511330,0.30597014925373134
511331,0.21678321678321677
511332,0.018433179723502304
511333,0.4444444444444444
511334,0.21678321678321677
511335,0.21678321678321677
511336,0.039473684210526314
511337,0.039473684210526314
511338,0.024691358024691357
511339,0.008982035928143712
511340,0.06432748538011696
511341,0.4444444444444444
511342,0.058823529411764705
511343,0.018433179723502304
511344,0.018433179723502304
511345,0.16842105263157894
511346,0.5882352941176471
511347,0.17647058823529413
511348,0.3756345177664975
511349,0.16842105263157894
511350,0.018433179723502304
511351,0.06432748538011696
511352,0.1935483870967742
511353,0.008982035928143712
511354,0.21678321678321677
511355,0.018433179723502304
511356,0.07352941176470588
511357,0.058823529411764705
511358,0.039473684210526314
511359,0.16842105263157894
511360,0.3756345177664975
511361,0.04112554112554113
511362,0.018433179723502304
511363,0.16842105263157894
511364,0.0701219512195122
511365,0.30597014925373134
511366,0.3756345177664975
511367,0.3756345177664975
511368,0.0701219512195122
511369,0.5882352941176471
511370,0.024691358024691357
511371,0.024691358024691357
511372,0.07352941176470588
511373,0.039473684210526314
511374,0.04112554112554113
511375,0.30597014925373134
511376,0.30597014925373134
511377,0.018433179723502304
511378,0.0701219512195122
511379,0.008982035928143712
511380,0.04112554112554113
511381,0.07352941176470588
511382,0.04112554112554113
511383,0.21678321678321677
511384,0.04112554112554113
511385,0.0070921985815602835
511386,0.12903225806451613
511387,0.04112554112554113
511388,0.12903225806451613
511389,0.039473684210526314
511390,0.6666666666666666
511391,0.1935483870967742
511392,0.09183673469387756
511393,0.008982035928143712
511394,0.039473684210526314
511395,0.039473684210526314
511396,0.3756345177664975
511397,0.018433179723502304
511398,0.04112554112554113
511399,0.4444444444444444
511400,0.17647058823529413
511401,0.0701219512195122
511402,0.04112554112554113
511403,0.17647058823529413
511404,0.17647058823529413
511405,0.17647058823529413
511406,0.09183673469387756
511407,0.21678321678321677
511408,0.604022686301967
511409,0.30597014925373134
511410,0.21678321678321677
511411,0.07352941176470588
511412,0.008982035928143712
511413,0.06432748538011696
511414,0.21678321678321677
511415,0.0701219512195122
511416,0.3756345177664975
511417,0.04112554112554113
511418,0.21678321678321677
511419,0.07352941176470588
511420,0.07352941176470588
511421,0.0070921985815602835
511422,0.12244897959183673
511423,0.008982035928143712
511424,0.04112554112554113
511425,0.0701219512195122
511426,0.024691358024691357
511427,0.21621621621621623
511428,0.6428571428571429
511429,0.06432748538011696
511430,0.018433179723502304
511431,0.039473684210526314
511432,0.1935483870967742
511433,0.024691358024691357
511434,0.4444444444444444
511435,0.6133333333333333
511436,0.008982035928143712
511437,0.008982035928143712
511438,0.039473684210526314
511439,0.6133333333333333
511440,0.16842105263157894
511441,0.0701219512195122
511442,0.3756345177664975
511443,0.6428571428571429
511444,0.04112554112554113
511445,0.018433179723502304
511446,0.21621621621621623
511447,0.1935483870967742
511448,0.04112554112554113
511449,0.018433179723502304
511450,0.039473684210526314
511451,0.07352941176470588
511452,0.16842105263157894
511453,0.6428571428571429
511454,0.0070921985815602835
511455,0.008982035928143712
511456,0.018433179723502304
511457,0.058823529411764705
511458,0.21678321678321677
511459,0.0070921985815602835
511460,0.039473684210526314
511461,0.0070921985815602835
511462,0.17647058823529413
511463,0.6133333333333333
511464,0.039473684210526314
511465,0.0070921985815602835
511466,0.4444444444444444
511467,0.018433179723502304
511468,0.3756345177664975
511469,0.06432748538011696
511470,0.09183673469387756
511471,0.07352941176470588
511472,0.06432748538011696
511473,0.0701219512195122
511474,0.07352941176470588
511475,0.07352941176470588
511476,0.6133333333333333
511477,0.3756345177664975
511478,0.04112554112554113
511479,0.21678321678321677
511480,0.06432748538011696
511481,0.1935483870967742
511482,0.06432748538011696
511483,0.04112554112554113
511484,0.04112554112554113
511485,0.039473684210526314
511486,0.04112554112554113
511487,0.07352941176470588
511488,0.21678321678321677
511489,0.008982035928143712
511490,0.0070921985815602835
511491,0.21678321678321677
511492,0.21678321678321677
511493,0.3333333333333333
511494,0.07352941176470588
511495,0.3333333333333333
511496,0.04112554112554113
511497,0.0701219512195122
511498,0.84
511499,0.21621621621621623
511500,0.07352941176470588
511501,0.024691358024691357
511502,0.039473684210526314
511503,0.008982035928143712
511504,0.06432748538011696
511505,0.008982035928143712
511506,0.04112554112554113
511507,0.21678321678321677
511508,0.30597014925373134
511509,0.039473684210526314
511510,0.058823529411764705
511511,0.039473684210526314
511512,0.0701219512195122
511513,0.07352941176470588
511514,0.06432748538011696
511515,0.3756345177664975
511516,0.3756345177664975
511517,0.0070921985815602835
511518,0.008982035928143712
511519,0.0701219512195122
511520,0.12244897959183673
511521,0.0701219512195122
511522,0.06432748538011696
511523,0.15384615384615385
511524,0.0070921985815602835
511525,0.0070921985815602835
511526,0.018433179723502304
511527,0.0070921985815602835
511528,0.008982035928143712
511529,0.018433179723502304
511530,0.1935483870967742
511531,0.3756345177664975
511532,0.06432748538011696
511533,0.04112554112554113
511534,0.058823529411764705
511535,0.039473684210526314
511536,0.04112554112554113
511537,0.3756345177664975
511538,0.018433179723502304
511539,0.018433179723502304
511540,0.07352941176470588
511541,0.04112554112554113
511542,0.12903225806451613
511543,0.039473684210526314
511544,0.4444444444444444
511545,0.30597014925373134
511546,0.07352941176470588
511547,0.07352941176470588
511548,0.16842105263157894
511549,0.008982035928143712
511550,0.07352941176470588
511551,0.5882352941176471
511552,0.04112554112554113
511553,0.17395941373419516
511554,0.17647058823529413
511555,0.058823529411764705
511556,0.06432748538011696
511557,0.039473684210526314
511558,0.0701219512195122
511559,0.17647058823529413
511560,0.0701219512195122
511561,0.008982035928143712
511562,0.21678321678321677
511563,0.15384615384615385
511564,0.4444444444444444
511565,0.21678321678321677
511566,0.09183673469387756
511567,0.0070921985815602835
511568,0.04112554112554113
511569,0.3756345177664975
511570,0.0701219512195122
511571,0.09183673469387756
511572,0.07352941176470588
511573,0.0701219512195122
511574,0.018433179723502304
511575,0.024691358024691357
511576,0.04112554112554113
511577,0.1935483870967742
511578,0.018433179723502304
511579,0.12903225806451613
511580,0.06432748538011696
511581,0.3756345177664975
511582,0.2391290279139349
511583,0.0070921985815602835
511584,0.0070921985815602835
511585,0.06432748538011696
511586,0.6133333333333333
511587,0.039473684210526314
511588,0.4444444444444444
511589,0.008982035928143712
511590,0.21678321678321677
511591,0.3756345177664975
511592,0.21678321678321677
511593,0.3756345177664975
511594,0.21621621621621623
511595,0.0701219512195122
511596,0.30597014925373134
511597,0.008982035928143712
511598,0.008982035928143712
511599,0.039473684210526314
511600,0.3756345177664975
511601,0.15384615384615385
511602,0.06432748538011696
511603,0.04112554112554113
511604,0.30597014925373134
511605,0.06432748538011696
511606,0.058823529411764705
511607,0.04112554112554113
511608,0.07352941176470588
511609,0.008982035928143712
511610,0.21621621621621623
511611,0.024691358024691357
511612,0.0
511613,0.018433179723502304
511614,0.0701219512195122
511615,0.04112554112554113
511616,0.0
511617,0.06432748538011696
511618,0.1702127659574468
511619,0.3756345177664975
511620,0.4444444444444444
511621,0.6428571428571429
511622,0.09183673469387756
511623,0.3756345177664975
511624,0.008982035928143712
511625,0.84
511626,0.15384615384615385
511627,0.12903225806451613
511628,0.04112554112554113
511629,0.008982035928143712
511630,0.0070921985815602835
511631,0.12244897959183673
511632,0.6133333333333333
511633,0.058823529411764705
511634,0.1702127659574468
511635,0.0701219512195122
511636,0.30597014925373134
511637,0.6428571428571429
511638,0.039473684210526314
511639,0.4444444444444444
511640,0.024691358024691357
511641,0.0701219512195122
511642,0.0070921985815602835
511643,0.04112554112554113
511644,0.04112554112554113
511645,0.0
511646,0.4444444444444444
511647,0.21678321678321677
511648,0.008982035928143712
511649,0.06432748538011696
511650,0.16842105263157894
511651,0.3756345177664975
511652,0.07352941176470588
511653,0.30597014925373134
511654,0.3756345177664975
511655,0.07352941176470588
511656,0.008982035928143712
511657,0.04112554112554113
511658,0.039473684210526314
511659,0.04112554112554113
511660,0.17647058823529413
511661,0.008982035928143712
511662,1.0
511663,0.21678321678321677
511664,0.12244897959183673
511665,0.1702127659574468
511666,0.058823529411764705
511667,0.0070921985815602835
511668,0.30597014925373134
511669,0.018433179723502304
511670,0.16842105263157894
511671,0.058823529411764705
511672,0.07352941176470588
511673,0.06432748538011696
511674,0.17647058823529413
511675,0.16842105263157894
511676,0.6677277156360641
511677,0.06432748538011696
511678,0.04112554112554113
511679,0.6133333333333333
511680,0.039473684210526314
511681,0.008982035928143712
511682,0.1935483870967742
511683,0.018433179723502304
511684,0.6103005068150187
511685,0.008982035928143712
511686,0.21621621621621623
511687,0.16842105263157894
511688,0.008982035928143712
511689,0.0701219512195122
511690,0.058823529411764705
511691,0.3756345177664975
511692,0.058823529411764705
511693,0.16842105263157894
511694,0.058823529411764705
511695,0.3756345177664975
511696,0.04112554112554113
511697,0.0701219512195122
511698,0.018433179723502304
511699,0.1702127659574468
511700,0.04112554112554113
511701,0.16842105263157894
511702,0.5882352941176471
511703,0.09183673469387756
511704,0.17647058823529413
511705,0.0701219512195122
511706,0.30597014925373134
511707,0.16842105263157894
511708,0.12903225806451613
511709,0.04112554112554113
511710,0.008982035928143712
511711,0.008982035928143712
511712,0.1935483870967742
511713,0.21678321678321677
511714,0.039473684210526314
511715,0.12244897959183673
511716,0.008982035928143712
511717,0.84
511718,0.84
511719,0.039473684210526314
511720,0.21621621621621623
511721,0.12244897959183673
511722,0.04112554112554113
511723,0.0701219512195122
511724,0.21678321678321677
511725,0.21678321678321677
511726,0.09183673469387756
511727,0.06432748538011696
511728,0.018433179723502304
511729,0.0701219512195122
511730,0.07352941176470588
511731,0.04112554112554113
511732,0.0070921985815602835
511733,0.3756345177664975
511734,0.008982035928143712
511735,0.018433179723502304
511736,0.16842105263157894
511737,0.018433179723502304
511738,0.21678321678321677
511739,0.09183673469387756
511740,0.6133333333333333
511741,0.04112554112554113
511742,0.07352941176470588
511743,0.0701219512195122
511744,0.04112554112554113
511745,0.16842105263157894
511746,0.4444444444444444
511747,0.04112554112554113
511748,0.21678321678321677
511749,0.07352941176470588
511750,0.17647058823529413
511751,0.133570915575248
511752,0.008982035928143712
511753,0.16842105263157894
511754,0.04112554112554113
511755,0.04112554112554113
511756,0.1935483870967742
511757,0.0701219512195122
511758,0.058823529411764705
511759,0.06432748538011696
511760,0.018433179723502304
511761,0.07352941176470588
511762,0.0070921985815602835
511763,0.04112554112554113
511764,0.07352941176470588
511765,0.06432748538011696
511766,0.12244897959183673
511767,0.30597014925373134
511768,0.21678321678321677
511769,0.024691358024691357
511770,0.09183673469387756
511771,0.12903225806451613
511772,0.018433179723502304
511773,0.008982035928143712
511774,0.09183673469387756
511775,0.04112554112554113
511776,0.09183673469387756
511777,0.4444444444444444
511778,0.1935483870967742
511779,0.04112554112554113
511780,0.21678321678321677
511781,0.07352941176470588
511782,0.058823529411764705
511783,0.21621621621621623
511784,0.84
511785,0.008982035928143712
511786,0.018433179723502304
511787,0.0701219512195122
511788,0.058823529411764705
511789,0.0701219512195122
511790,0.039473684210526314
511791,0.008982035928143712
511792,0.16842105263157894
511793,0.07352941176470588
511794,0.058823529411764705
511795,0.039473684210526314
511796,0.018433179723502304
511797,0.21621621621621623
511798,0.16842105263157894
511799,0.04112554112554113
511800,0.04112554112554113
511801,0.12903225806451613
511802,0.04112554112554113
511803,0.008982035928143712
511804,0.1935483870967742
511805,0.024691358024691357
511806,0.008982035928143712
511807,0.04112554112554113
511808,0.07352941176470588
511809,0.018433179723502304
511810,0.07352941176470588
511811,0.84
511812,0.07352941176470588
511813,0.09183673469387756
511814,0.07352941176470588
511815,0.30597014925373134
511816,0.04112554112554113
511817,0.21678321678321677
511818,0.024691358024691357
511819,0.1702127659574468
511820,0.058823529411764705
511821,0.3756345177664975
511822,0.3756345177664975
511823,0.1935483870967742
511824,0.0701219512195122
511825,0.04112554112554113
511826,0.3756345177664975
511827,0.008982035928143712
511828,0.1111111111111111
511829,0.0701219512195122
511830,0.09183673469387756
511831,0.018433179723502304
511832,0.07352941176470588
511833,0.09183673469387756
511834,0.06432748538011696
511835,0.30597014925373134
511836,0.04112554112554113
511837,0.0701219512195122
511838,0.1935483870967742
511839,0.21678321678321677
511840,0.21621621621621623
511841,0.018433179723502304
511842,0.0070921985815602835
511843,0.38461538461538464
511844,0.30597014925373134
511845,0.07352941176470588
511846,0.3756345177664975
511847,0.058823529411764705
511848,0.024691358024691357
511849,0.21678321678321677
511850,0.04112554112554113
511851,0.018433179723502304
511852,0.018433179723502304
511853,0.3756345177664975
511854,0.5882352941176471
511855,0.6428571428571429
511856,0.3756345177664975
511857,0.018433179723502304
511858,0.0
511859,0.04112554112554113
511860,0.09183673469387756
511861,0.018433179723502304
511862,0.21678321678321677
511863,0.16842105263157894
511864,0.039473684210526314
511865,0.16842105263157894
511866,0.04112554112554113
511867,0.04112554112554113
511868,0.039473684210526314
511869,0.3756345177664975
511870,0.0070921985815602835
511871,0.0701219512195122
511872,0.1702127659574468
511873,0.30597014925373134
511874,0.21678321678321677
511875,0.0070921985815602835
511876,0.04112554112554113
511877,0.018433179723502304
511878,0.21678321678321677
511879,0.024691358024691357
511880,0.0701219512195122
511881,0.008982035928143712
511882,0.0701219512195122
511883,0.3756345177664975
511884,0.6666666666666666
511885,0.6428571428571429
511886,0.17647058823529413
511887,0.17647058823529413
511888,0.039473684210526314
511889,0.0
511890,0.3756345177664975
511891,0.018433179723502304
511892,0.21678321678321677
511893,0.1935483870967742
511894,0.058823529411764705
511895,0.6428571428571429
511896,0.008982035928143712
511897,0.0070921985815602835
511898,0.0701219512195122
511899,0.16842105263157894
511900,0.0
511901,0.0070921985815602835
511902,0.0701219512195122
511903,0.0
511904,0.12244897959183673
511905,0.018433179723502304
511906,0.06432748538011696
511907,0.21678321678321677
511908,0.04112554112554113
511909,0.6428571428571429
511910,0.039473684210526314
511911,0.07352941176470588
511912,0.0
511913,0.018433179723502304
511914,0.008982035928143712
511915,0.16842105263157894
511916,0.06432748538011696
511917,0.1935483870967742
511918,0.3756345177664975
511919,0.07352941176470588
511920,0.1935483870967742
511921,0.039473684210526314
511922,0.04112554112554113
511923,0.30597014925373134
511924,0.008982035928143712
511925,0.6133333333333333
511926,0.058823529411764705
511927,0.1935483870967742
511928,0.018433179723502304
511929,0.024691358024691357
511930,0.6
511931,0.039473684210526314
511932,0.0070921985815602835
511933,0.4444444444444444
511934,0.0701219512195122
511935,0.16842105263157894
511936,0.018433179723502304
511937,0.0701219512195122
511938,0.12903225806451613
511939,0.21678321678321677
511940,0.018433179723502304
511941,0.058823529411764705
511942,0.04112554112554113
511943,0.16842105263157894
511944,0.21621621621621623
511945,0.04112554112554113
511946,0.018433179723502304
511947,0.3756345177664975
511948,0.04112554112554113
511949,0.12903225806451613
511950,0.039473684210526314
511951,0.018433179723502304
511952,0.0070921985815602835
511953,0.0070921985815602835
511954,0.058823529411764705
511955,0.17647058823529413
511956,0.16842105263157894
511957,0.0
511958,0.3756345177664975
511959,0.018433179723502304
511960,0.6133333333333333
511961,0.04112554112554113
511962,0.018433179723502304
511963,0.008982035928143712
511964,0.0701219512195122
511965,0.21678321678321677
511966,0.008982035928143712
511967,0.0070921985815602835
511968,0.018433179723502304
511969,0.4444444444444444
511970,0.07352941176470588
511971,0.3333333333333333
511972,0.04112554112554113
511973,0.16842105263157894
511974,0.4444444444444444
511975,0.058823529411764705
511976,0.008982035928143712
511977,0.008982035928143712
511978,0.6428571428571429
511979,0.12903225806451613
511980,0.07352941176470588
511981,0.16842105263157894
511982,0.07352941176470588
511983,0.21678321678321677
511984,0.018433179723502304
511985,0.16842105263157894
511986,0.04112554112554113
511987,0.04112554112554113
511988,0.4444444444444444
511989,0.1935483870967742
511990,0.1935483870967742
511991,0.008982035928143712
511992,0.1935483870967742
511993,0.0070921985815602835
511994,0.04112554112554113
511995,0.039473684210526314
511996,0.058823529411764705
511997,0.024691358024691357
511998,0.008982035928143712
511999,0.07352941176470588
